_id,Name,Star,Comment
658a8fafc141e0258d59d50f,Camellia,3.5,"재즈는 별로고 드라이브하러 왔다던 분, 어디쯤 앉으셨으려나. 저도 드라이브 좋아해요. 새 계절 향기를 묻히고 새 풍경에 머무는 시간은 즐겁죠. 땡볕에 인상 쓰다가도 아이스크림 물고 춤추는 드라이브. 저긴 바람도 살랑 불었겠지. 부러워라."
658a8fb0c141e0258d59d510,JY,3.0,이 영화 보신분들이 왜\n야외상영을 원하는지 너무나도 납득이 간다\n\n이렇게 보는건 재즈스럽지가 않네
658a8fb0c141e0258d59d511,권혜정,3.5,재즈 하나도 모르는데 다행히 GV 덕분에 너무 좋았다❤️ 오늘부터 재즈도 조금씩 들어봐야지\n@라이브러리톡 with 황덕호 재즈평론가
658a8fb0c141e0258d59d512,HYEJIN,4.0,신종고문: 한 여름밤의 재즈 볼 때 가만히 앉아있어야 함
658a8fb0c141e0258d59d513,뭅먼트,2.5,서서히 몽롱하게 청중의 영혼을 앗아 가는 재즈의 마법.\n\n이 영화로 올해 여름에게 완전한 작별을 고하게 되었다.
658a8fb0c141e0258d59d514,신용석,3.5,주기도문과 함께한 (거룩한)한 여름밤의 재즈
658a8fb0c141e0258d59d515,corcovado,3.5,‘Sweet Georgia Brown’부터 기절해버린 관객의 코멘트입니다.\n\n- 관계자분들.. 이 영화는 야외상영이 절실합니다..\n\n라고 써져있는데요?
658a8fb0c141e0258d59d516,DK,4.0,"[22.09.08. 개봉]\n리듬에 몸을 맡기다보면 시작되는 페스티벌,\n극장보단 야외 잔디밭에서 돗자리 펴고\n감상할 수 있다면 더 좋을듯한 영화,\n+ 1958년 뉴포트 재즈 페스티벌 현장을\n촬영한 콘서트 다큐멘터리\n+ 4K 리마스터링"
658a8fb0c141e0258d59d517,마틴옹,3.5,무대 위 무대 아래 어디에 있든 음악은 당신의 것.
658a8fb0c141e0258d59d518,leo,3.5,그시절 재즈의 맛을 이렇게라도 느낄 수 있음에 감사한다
658a8fb0c141e0258d59d519,주방장의 잡기술,3.0,"Into the heat of the festival\n\n커플의 미소와 핑거스냅이, 조명을 받고 빛나는 금관악기가, 카메라를 찍으면서 동시에 모자가 날아가기 않게 잡는 한 여자의 모습이, 타악기를 열심히 두드리는 악사의 땀이 그리고 음악을 가지고 노는 무대의 주인공들이 열기를 후끈 달아오르게 한다.\n\n마치 내가 그 현장에 있던 것처럼"
658a8fb0c141e0258d59d51a,언논논,4.5,- '영원'이 된 '순간'
658a8fb0c141e0258d59d51b,고랭,3.5,"여름밤, 담배 한 개비, 맥주 한 병, 사랑하는 가족과 연인과 친구와 삼삼오오. 그리고 재즈.\n분위기 미쳤다구요🥹\n\n근데 보면서 1초라도 졸지 않으신 분 계신지..ㅎ 그렇다면 존경 가능한. 노래 다 너무 좋은데 진짜 졸려 죽을뻔ㅋㅋㅋㅋㅋ큐ㅠㅠ 수면가스 살포였음\n그런 의미에서 영화관보단 적당한 소음이 어우러지는 재즈 펍에서 틀어주면 분위기 끝내줄 것 같은 영화~~\n+)야외 상영도 진짜 굳굳이겠다\n\n👇특히 좋았던 곡들\nSweet Georgia Brown - Anita O’day\nSweet Little Sixteen - Chuck Berry\nRockin’ Chair - Louis Armstrong"
658a8fb0c141e0258d59d51c,Re,4.0,박수는 치게 해줘야지
658a8fb0c141e0258d59d51d,김토마,4.0,재즈와 여름의 낭만에 무슨 나레이션이 필요한가.
658a8fb0c141e0258d59d51e,lastal,3.0,분위기 흔들거림 여유.\n\n눈 앞의 은막은 산소통이나\n도시 속 극장은 어두운 관이다.\n저 공기와 리듬에 몸을 맡기러\n뛰쳐나가고 싶다.
658a8fb0c141e0258d59d51f,클로즈-업,3.5,스마트폰이란 벽 없이 오감으로 공연에 집중하는 모습이 인상깊다. 그런 풍경이 재현될 수 있을까
658a8fb0c141e0258d59d520,르네상스형뮤지션,3.5,"'그(델로니어스 몽크)는 서양 음악에 없는 1/4 음정에 관심을 가지고 붙어있는 두 개의 건반을 동시에 두드림으로써 그 사이의 음을 암시하는 분입니다.' 여름날의 재즈 선율 같은 나레이션 톤과 설명은 멋들어진다. 이 여유와 낭만, 자유, 그루브와 인류애. 나른한 주말이면 별 생각없이 틀어두고 창멍을 때리거나 미뤘던 청소를 하거나 반려동물과 뒹굴기 좋은 영상. 재즈를 좋아하지 않아도 즐길 만한 기념비적 작품."
658a8fb0c141e0258d59d521,MissH,3.5,이 영화와 함께 나의 이 여름도 끝난 거 같은 기분이 들어...
658a8fb0c141e0258d59d522,감정수업중🤔,3.5,재즈! 재즈! 재즈!\n들썩이는 엉덩이! 흔들거리는 팔과 다리!\n함께 박수치고 즐기고 싶은 손바닥!\n그치만 영화관에서 조용히 즐길 수 밖에!\n한 여름 밤의 공원에서 빔을 틀고 보고 싶다!\n-\n재즈의 리듬을 맡겨 즐기고 싶다면 패스!
658a8fb0c141e0258d59d523,희연희,5.0,"2082년에 내가 갔던 워터밤 (ㅋㅋㅋㅋㅋㅋㅋ) 인천 실황도 개봉하면 좋겠다. 라인업에 제이팍 없는 거만 빼면 초면에 물총도 서로 빵야빵야 쏘고 화장실 줄은 길디 길고 얼마나 재밌었게? 아트나인 테라스석 막차타서 너무 좋았고 썰은 고수 가득한 나초 소스와 호불호 크게 갈릴 것 같은 맥주향도 너무 좋았다. 저 때 뛰어다니던 꼬맹이들은 할머니 할아버지가 되었을 거고 담배 피우고 지붕 위에서, 해변에서, 잔디밭에서 춤추며 여름밤을 즐기던 간지 젊은이들은 저날 얼마나 행복했을까 부럽다. 언젠가 꼭 저 시대로 시간여행하고 싶다는 사람과 함께 봤는데, 나무문을 삐걱 열고 들어가면 핀 조명 아래 자욱한 담배연기와 재즈음악을 즐겨보고 싶다는데. 그럴 때마다 주호민처럼 재즈를 불러준다"
658a8fb0c141e0258d59d524,양기연,4.0,"다이나 워싱턴, 루이 암스트롱 파트에서 소름 쫙 돋음."
658a8fb0c141e0258d59d525,무비남,3.5,"잃어버렸던 여름,\n잊어버렸던 리듬."
658a8fb0c141e0258d59d526,은순,4.0,영화 보는 내내 난 왜 미국인이 아닌가.. 나는 왜 저때 뉴포트에 없었는가.. 왜 미국인들은 자기들끼리만 저런 여름을 보냈는가.. 생각했다. 여름 미화 영화는 많지만 그중 최고는 <한여름밤의 재즈>다…. 난 아직 즐거운 여름을 보내본 적이 없어….
658a8fb0c141e0258d59d527,엠수,3.0,루프탑에서 맥주 한잔하면서 봤어야 하는데.. 그게 아쉽구먼
658a8fb0c141e0258d59d528,영청이,4.0,이걸 상영관 시트에 엉덩이 붙이고 보라구요? 엉덩이 땀띠나겠네...
658a8fb0c141e0258d59d529,film__archive__,4.0,50년대 말 의 정취가 느껴지는 황홀한 재즈 뮤지션들의 황홀한 공연
658a8fb1c141e0258d59d52a,오을밤,3.0,"매번 다른 행위를 위해, 공간에 향을 입히기 위해 듣던 재즈를 스크린 위에서 붙잡았다.\n.\n.\n.\n재즈를 좋아한다고 말하기에는 아는 것이 너무 없고, 흘러나오는 음악에 흥을 모른다고 하기에는 관절 마디마디가 얌전히 있지 못한다.\n알지 못하기에 즐기지 못한 것이 아쉽지만 조금 더 친해진 것 같아서 좋다."
658a8fb1c141e0258d59d52b,이상우,3.5,영화를 카페마다 틀어두고 싶다
658a8fb1c141e0258d59d52c,아지,3.0,뭐야 뭐야 야외 상영해줘.\n현기증 난단말이야.\n\nArtnine
658a8fb1c141e0258d59d52d,St. Valentine,4.0,지금같은 초가을 날씨에 야외상영으로 보고싶은 영화\n이 영화를 영화관에서 본다면 악보에 옮겨진 재즈를 클래식 전공자가 그대로 연주하는 공연을 보는격이다.
658a8fb1c141e0258d59d52e,SooooodaL,4.5,"래이밴화보, 랄프로렌화보, 노티카화보..\n\n보는내내 스타일들이 너무좋아 눈호강했음\n\n관객에게도 반했다😍\n\n(음악은 당연해서 말할필요도 없음ㅋ)\n\n노들섬 야외에서 이거 틀어주면 딱인데🤩\n\n대단한 사람들이 본인 대단한지 모르고 즐겁게 노는 티키타카가 매력포인트!!\n\nBUT..암스트롱은 귀로만 들어야했어..🥺"
658a8fb1c141e0258d59d52f,아무도궁금해하지않는사람,보고싶어요,4k 리마스터링 재개봉
658a8fb1c141e0258d59d530,시바견,4.0,재즈가 보여줄 수 있는 것을 담아낸 그 날
658a8fb1c141e0258d59d531,드림감귤,4.0,혼자 봤다면 박수치고 휘슬불고 했겠지… 같이 본 관객들이 있었다는게 한이다
658a8fb1c141e0258d59d532,권성회,3.0,아는 노래가 많이 나올 정도로 재즈에 관심이 있었다면..\n한여름밤에 봤다면..\n야외에서 봤다면..
658a8fb1c141e0258d59d533,베오베,3.0,이미 다 있었구나
658a8fb1c141e0258d59d534,유이닷,4.0,목소리를 연주하고 악기로 노래하는 합일의 경지.\n입술이 부르트도록 트럼본을 부르며 또 노래하는 루이암스트롱의 모습이 잊혀지지 않는다.
658a8fb1c141e0258d59d535,Dolce,3.5,"그 순간 그 장소의 분위기를 감히 체험해볼 수 있는.. 재즈 팬들에게는 더할 나위 없이 행복할 공연실황다큐. 익숙한 이름들부터 낯선 이름들까지, 위대한 재즈아티스트들의 라이브 공연을 볼 수 있다.\n\n사실 게리 멀리건 때문에 봤는데, 정작 루이 암스트롱ㆍ아니타 오데이에게 완전히 매료된..!\n\n기가 막힌 필름 촬영 덕에, 공연장의 작은 불빛부터 바닷가의 물결 그리고 담배 연기까지 모든 것이 아름답다. 그리고 분위기에 한껏 취한 관중들의 모습, 나도 그 모든 온도에 동화되고 싶어진다,,😊\n\n야외상영으로 맥주나 칵테일 한 잔 들고 자유롭게 본다면 굉장히 행복할 것 같다"
658a8fb1c141e0258d59d536,양재표,3.5,"재즈를 사랑하는 사람에게는 위대한 콘서트, 그렇지 않은 이들에게는 귀중한 사료."
658a8fb1c141e0258d59d537,우보영,4.5,"샹그리아 한 잔 마시며 재즈의 낭만에 풍덩 빠져 놀다보니 뉴포트 해안가 짠내가 온몸에 밴다.\n이 여름의 마지막 장이 덮이기 전, 오늘 푸르게 저물어가는 하늘에 언른 축축한 책갈피를 끼워 본다.\n\n가본 적도 없는데 웬일인지 참말 그리운 시간."
658a8fb1c141e0258d59d538,Hello_stranger,3.0,이런 낭만있는 삶을 살아보고싶다\n\n관객들 복장 보는 재미가 엄청나다\n1958년 뉴포트에는 힙스터만 살 수 있었나 다들 패션이 너무 멋지다
658a8fb1c141e0258d59d539,배준수,3.0,"이 영상 기록물의 아쉬운 점: 돗자리, 와인 그리고 선선한 바람."
658a8fb1c141e0258d59d53a,YONI,3.5,"영화를 몰라도 영화를 즐길 수 있기에, 마찬가지로 재즈를 몰라도 재즈를 즐길 수 있다. 50년대의 그 시절 미국으로 선율을 타고 시간 여행을 즐기고 오니 어느새 엔딩 크레딧.\n\nin CGV 명동역 씨네라이브러리\nwith 황덕호 재즈 평론가\n\n라이브톡 요약\n-50년대 의상 생활을 볼 수 있는 컬러 다큐멘터리\n-일레인 로릴라드의 후원으로 열린 뉴포트 재즈 페스티벌\n-냉전시기 미국의 홍보수단으로 정부의 지원을 받는 재즈\n-당시 드물었던 동부 해안가에서 열린 '야외' 공연\n-노예 제도 철폐 후 인종 문제를 진보적으로 다룸(남부 지역에선 상상하기도 힘든 흑인과 백인이 같은 자리에 앉거나 같이 춤을 추는 등...)\n-공연 흥행을 위해 타 장르의 유명 뮤지션을 재즈 페스티벌에 섭외(69년 뉴포트 페스티벌엔 락 뮤지션들 다수 섭외)\n-56년 듀크 오케스트라의 뉴포트 앨범 추천"
658a8fb1c141e0258d59d53b,이영준,3.5,"밖에서 틀기 좋은 영화,\n밖에서 영화보기 좋은 계절이건만."
658a8fb1c141e0258d59d53c,stay close,4.0,아무 생각 없이 음악만 온전히 즐길 수 있어서 너무 좋았다 당시 현장 와있는 것 같았고\n빈티지 패션 구경하는 재미가 있다\n음악하는 사람들 하나같이 눈빛이 너무 순수하고 반짝반짝 거려서 신기해서 눈만 자꾸 바라보게 됨..
658a8fb1c141e0258d59d53d,은갈치,3.0,"어느 화창한 여름 날, 휴양 도시 뉴포트로 삼삼오오 모이기 시작하는 사람들. 그들을 반기는 낭만 가득한 여름 바다와 감미로운 재즈 선율. 루이 암스트롱, 마할리아 잭슨, 셀로니어스 몽크, 척 베리, 아니타 오데이… 해가 지면 역사상 가장 위대한 재즈 페스티벌의 막이 오른다!.\n\n여기까지가 네이버 소개 .\n\n알겠는데\n다 좋아 그런데 ...\n\n여기 주인장 !\n술을 주란 말이다 !\n\n54\n압구씨지비"
658a8fb1c141e0258d59d53e,바다코끼리,4.0,영화이기에 극장에서 영사될때 생명력을 가진다.\n그러나 극장은 담배를 필 수도 춤을 출수도 없기에 이 영화를 보기에 적합한 곳은 아니다. 그렇다 1958년 뉴포트에 가서 담배를 물고 관절에 흥을 방치하며 보아야 한다.
658a8fb1c141e0258d59d53f,읏챠,3.5,기분 재진다
658a8fb1c141e0258d59d540,유병현,4.5,"그을린 재즈와, 날카로운 고양이와 주기도문"
658a8fb1c141e0258d59d541,기록지향적생각아카이브,3.0,나의 흥을 위해 타인에게 민폐를 끼쳐도 되나 고민하게 되는 영화\n떼창의 민족에게 엉덩이 붙이고 감상하라는 건 참기 힘들다\n그나마 내적 싱크를 맞추고 손가락을 까딱이는 게 할 수 있는 최대한의 호응
658a8fb1c141e0258d59d542,Taeseung Kim,3.5,연주와 노래를 듣는 것이 다한다
658a8fb1c141e0258d59d543,8UMMER,5.0,언제나 틀어두고 싶은 영화를 만났다.\n\n해가 모두 지고 마침내 카메라가 청중들 등 뒤로 간 그 찰나에 영화를 보는 관객들도 1958년 뉴포트에 함께 앉는다. 달이 무척 밝은 2022년 한가위에 이 영화를 리마스터링 개봉하면서 야외 상영하는 곳이 없다니...
658a8fb2c141e0258d59d544,신남정,3.5,라이브 뷰잉 잘 즐겼읍니다.
658a8fb2c141e0258d59d545,하은,4.0,"아니타 오데이와의 첫 만남.\n거기 관객석에 앉아있기라도 한 듯,\n나 말곤 저 앞에 한 명 뿐인 작은 독립상영관에서\n몸을 흔들어대며 보았다\n\n귀로 듣기는 물론이거니와 눈으로도 보는 재즈\n무대 밖 인서트 장면들도 너무너무너무 좋았다\n야무쥐게~ 또 보러 가야쥥 ~"
658a8fb2c141e0258d59d546,SMatt,4.0,마치 한 여름밤에 귀뚜라미 울음소리와 같이 잔잔하게 부는 바람같은
658a8fb2c141e0258d59d547,민정,5.0,"재즈와 그에 걸맞는 나레이션은 물론, 관람객들 보는 재미도 40은 차지함...〰"
658a8fb2c141e0258d59d548,박상민,3.5,"90분 간 즐겨보는 한여름 밤의 재즈 공연.\n귀에 꽂히는 흥겨운 재즈 음악들과 관객들의 열광, 재치넘치는 공연자들까지 더위와 뜨거운 에너지를 모두 받게 된다.\n다만 개인적으로는 다른 공연 실황 다큐멘터리들과 비교해서 어떤 점이 특출난지 아직은 모르겠다."
658a8fb2c141e0258d59d549,LUCIA,3.0,내가 재알못인 게 분하다\n눅진한 여름밤 잔디밭에서 맥주 먹으면서 보고 싶어
658a8fb2c141e0258d59d54a,JK,4.0,졸 정도로 지루한 느낌은 전혀 아니었다. 오히려 영화관이었기 때문에 더 세밀하게 귀 기울여서 공연을 감상할 수 있었던 것 같기도 함! 다음에 야외 상영 한다고 하면 한 번 더 봐도 넘 좋을 듯
658a8fb2c141e0258d59d54b,뮤뮤,4.5,아 이걸 밖에서 봤어야 하는데.. 너무 좋다\n차마 고요한 영화관에서 박수는 못치고\n음소거 갈채 보냄 ㅋㅋ 소중한 시간이었다..🥹❤️‍🔥
658a8fb2c141e0258d59d54c,잠와요,3.5,눈을 감고 살짝 졸아가면서도 들려오는 끝내주는 노랫소리 트럼펫소리 타악기소리에 저절로 미소짓게되는..아! 나도 저곳에 있었다면:)\n\n+최애 곡은 Anita O’day의 Sweet Georgia Brown
658a8fb2c141e0258d59d54d,치코리타,3.0,야외 상영으로 봤으면 좋았겠다
658a8fb2c141e0258d59d54e,조성호,3.5,이거 보면서 축제의 여름(디즈니+ 절찬 서비스) 다큐멘터리도 극장에서 보고싶어졌다. 어디서라도 특별 상영해주었으면 좋겠다!\n\n압구정cgv
658a8fb2c141e0258d59d54f,かんかん,4.0,"재즈는 화합, 축제의 음악\n\n-대한극장 야외상영"
658a8fb2c141e0258d59d550,김양옹,3.5,나도 모르게 박수 칠 뻔함
658a8fb2c141e0258d59d551,김망고,4.0,"그 때의 재즈 패스티벌을 만끽하며 여름을 마무리. 사회자가 루이 암스트롱에게 공연 시작의 신호를 주며 the city is yours, 마음껏 즐기라는 표현이 아름다웠다. 각자의 방식으로 몸을 흔들며 온전히 감상하는 표정들도."
658a8fb2c141e0258d59d552,장기화,3.5,재즈 박물관에서 나는 오래된 필름 냄새
658a8fb2c141e0258d59d553,소현,5.0,"2022년 9월 7일, 오후 8시 10분\n에무시네마 루프탑에서 지윤이와!\n\n극장이 아닌\n내 앞과 뒤엔 나무가\n내 위엔 별과 달과 반딧불이 가득한 곳에서 관람해서 더더욱 좋았던 ~!!!"
658a8fb2c141e0258d59d554,momentum,3.0,스윗 조지아 브라운 파트는 전율...\n춤추고 싶은데 앉아있느라 힘들었다.\n양옆 좌석에 앉은 분들 모두 꿀잠행..
658a8fb2c141e0258d59d555,Ju,3.5,"35mm 필름, 대사가 음악으로 채워진\n영화적 체험감, 시대를 초월하여 소통할 수 있는\n간지러운 색감, 완벽한 폐회송"
658a8fb2c141e0258d59d556,스토리인,4.5,"역시 재즈는\n음원보다 라이브\n\n1958년 아일랜드 뉴포트의 재즈페스티벌\n공연 실황\n\n은근한 눈빛과\n재즈가 이끌어낸 충만한 미소,\n넘치는 낭만으로 움직이는 몸짓\n\n해가 진 여름 밤까지 완벽\n\n언젠가 재즈로 채우러 가는 때에\n58년이지만 지금입어도 멋진\n저 스타일을 하고 나무의자에 앉아서 즐겨보고 싶다"
658a8fb2c141e0258d59d557,김상윤,3.0,선선한 날에 기분좋은 바람과 함께 듣는 듯한 재즈 공연을 감상했다.
658a8fb2c141e0258d59d558,구본경,3.5,"당시의 온도, 습도 그리고 재즈"
658a8fb2c141e0258d59d559,전이재,4.5,눈과귀가 즐거워지고 삶으로 부터 지친 우리들을 나른한 재즈와 아날로그틱한 영상미로 우리를 힐링시켜준 작품이라고 생각한다.
658a8fb2c141e0258d59d55a,쁌쁗,보고싶어요,내년 여름밤에 봐야지.
658a8fb2c141e0258d59d55b,햇도그,3.0,"몰려드는 관객, 아직 채워지기 전 의자들이 주는 설레임\n재즈 뮤지션도 관객도 현재에 몰두한다. 삶도 그럴 때 아름다워 보일 수 있을까?\n뮤지션은 음악을 들려주고, 관객은 춤으로 답한다. 그리고 뮤지션은 다시 관객이 되어 춤을 보고 미소짓는다. 그 상호작용이 아름답다"
658a8fb2c141e0258d59d55c,피망과토마토,4.0,타임머신을 타고 다녀온 50년대 재즈페스티벌
658a8fb2c141e0258d59d55d,MYY,4.0,영화 자체가 재즈
658a8fb2c141e0258d59d55e,Baek Borim,3.5,훌륭한 재즈 공연을 보고 나온 기분. 재즈를 제대로 공부하고 싶어졌다.
658a8fb3c141e0258d59d55f,영화라는 종합예술,4.0,58년의 시대를 온전히 담아낸 마법같은 페스티벌.
658a8fb3c141e0258d59d560,YK,5.0,"누군가 ""여름""이 무엇인지 궁금해한다면 이 영화를 보여줄 것"
658a8fb3c141e0258d59d561,순례,5.0,평생 이 영화 안에서 살고싶다
658a8fb3c141e0258d59d562,이혜은,3.5,영화관에서말구 집 안에서 아니면 한강에서 바람 맞으며 와인 마시면서 보고 싶던 영화\n\n그럼에도 당신네들은 진짜 스윙을 하고 계시더이다..리스펙
658a8fb3c141e0258d59d563,Lhfrms,4.0,"신기하고 다소 황홀하기까지 한 1950년대 미국 체험 그리고 재즈 체험 - 2020년대에서 저 시기까지의 시간적 거리보다, 저 시기에서 무성영화 시절까지의 거리가 더 가깝다는 게 믿기지 않을 정도로 생생하다. 트럼펫, 색소폰과 피아노 외 다른 악기도 많이 들을 수 있었고, 관객들의 표정도 함께 볼 수 있어서 더 좋았다.\n@에무시네마"
658a8fb3c141e0258d59d564,DavinHan,4.0,이 영화의\n장점 : 재즈페스티벌을 영화관에서 볼 수 있음\n단점 : 재즈페스티벌을 영화관에서 봄\n.\n.\n.\n.\n엉덩이 흔들어 재끼고 싶은거 겨우 참았네
658a8fb3c141e0258d59d565,강태이,4.0,재질래보다이!!\n\n-\n인간적으로 싱어롱 열어줘야하는 거 아닌가요..\n-\n하필 델로니어스몽크 나올 때 졸아서.. 이거 다시 봐야 하나..
658a8fb3c141e0258d59d566,신승환,4.0,"극장 안에서 보기 아주 매우 아깝네요…. 극장 안에서 서로가 서로의 눈치를 살피며 고개와 손, 혹은 발을 꼼지락거리는 기묘한 경험."
658a8fb3c141e0258d59d567,해태,3.5,음절 하나 하나가 이어지며\n물결처럼 흐르는 재즈처럼\n스크린을 채우는 수많은 프레임들이\n제각각의 사진 작품 같다.\n\n암실같이 고요하고 어두운 상영관에서\n50년대의 뉴포트를 다시금 흠뻑 적셔\n인화해내는 활력과 정취를 지켜보는 체험.\n\n맥주와 야외 공기도 함께라면 더욱 즐거울 것!
658a8fb3c141e0258d59d568,해람,4.5,소리지르고 박수치고 싶어서 미치는 줄 알았다
658a8fb3c141e0258d59d569,스라,3.0,아 나도 춤추게 해줘\n\n0908 아트나인
658a8fb3c141e0258d59d56a,현식초이,4.0,"남녀노소, 흑인 백인, 연주자와 관객 할 것 없이 모두가 자유로이 조화되는 맛이 재즈!"
658a8fb3c141e0258d59d56b,Feelm,4.0,역시 추석엔 재즈쥬.
658a8fb3c141e0258d59d56c,KY Lim,4.0,"박제된 인물들이 색 입고 되살아나 잔치를 벌이니, 이곳의 과거 같기도, 저편의 현재 같기도.\n기록물과 환영물 사이 신비한 공기를 품은 영화."
658a8fb3c141e0258d59d56d,Yu,4.0,이토록 한 시대가 부러워지는 영화라니..🥲🥲\n루이암스트롱 무대에 어쩔 줄 몰라서 몸을 막 비트는 관객들 모습은 오래도록 마음에 남을 것 같다..
658a8fb3c141e0258d59d56e,Holim Kim,3.5,재즈의 전성기를 영화로 간접적으로 여행할 수 있었다. 재즈 음악을 감상할 수 있을 뿐 아니라 당시 미국 사회의 분위기 또한 옅볼 수 있었다.
658a8fb3c141e0258d59d56f,movie_kims,4.5,재즈를 즐길 수 있는 영화이며 재즈에 대해 몰라도 이 영화를 보면 좋아질 수 있을거 같다
658a8fb3c141e0258d59d570,Merry,4.0,"1958년 뉴포트 재즈 페스티벌 I열에서 관람.\n그 시절, 그들의 목소리는 악기였고, 서로의 대화가 곧 재즈였다."
658a8fb3c141e0258d59d571,지은,4.0,"Louis, the city is yours."
658a8fb3c141e0258d59d572,멸치맛초코,3.5,평온한 그 여름에 싱그럽게 재즈와 낭만이 뿌려진다.
658a8fb3c141e0258d59d573,사승봉,4.0,삶이라고 누가 말했나\n\n(10th mjff)
658a8fb3c141e0258d59d574,lupang2003,3.0,"'한여름밤의 재즈'는 1958년 미국에서 가장 작은 주인 로드 아일랜드의 자그마한 항구 도시 뉴포트에서 열린 미국 최초의 야외 음악 축제 뉴포트 재즈 페스티벌의 모습을 담고 있는 최초의 콘서트 실황 영화다. 루이 암스트롱, 마리아 잭슨, 셀로니어스 몽크, 척 베리, 아니타 오데이, 게리 멀리건, 다이나 워싱턴, 치코 해밀턴, 조지 시어링, 지미 쥐프리, 빅 메이벨, 소니 스팃 등 재즈를 좋아하는 사람이라면 그 이름만 들어도 가슴이 두근거릴 만한 아티스트들이 같은 무대에서 각자의 개성이 살아있는 음악을 직접 연주하는 모습을 생생하게 보여준다. 낭만과 열정으로 흥건했던 64년 전 뉴포트의 추억으로 가는 여름의 끝자락을 즐겨보기를."
658a8fb3c141e0258d59d575,slowtree,3.0,"편안하고 아름다운 장면들과 흘러가는 선율들.\n\n장정일 작가의 설명 중에 핫재즈와 쿨재즈로 구분된 것이 1,2차 세계대전 이름 붙은 것과 비슷하다는 이야기가 기억에 남는다. 만화책 읽는 아이는 다른 책들도 읽는 것처럼 어떤 음악이든 듣는 사람은 재즈도 들을 수 있다는 것도."
658a8fb3c141e0258d59d576,coenjung,3.5,극장에서 온전한 관람을 하기 힘들었다.서울숲 야외 상영 적극 추진 해야한다.
658a8fb3c141e0258d59d577,진선우,3.5,"초반부 아니타 오데이 하고 마지막 루이암스트롱, 마할리아 잭슨은 진짜 너무 좋았고.. 몽크는 기대했는데 좀 짧다 ㅜ 개인적으로 밤보다 낮이 인상적이였고 빌 에반스를 몽크 다음에 껴주었으면 하는 아쉬움이..ㅎ"
658a8fb3c141e0258d59d578,토란,3.5,"여름밤의 뜨거운 열기와 재즈의 경쾌한 선율, 축제를 즐기는 사람들의 얼굴로 온통 즐거움이 가득하다. 82분 동안 심장을 두드리는 악기 연주와 자유자재로 흐르는 목소리를 따라 인생은 재즈가 되고, 서로를 바라보는 이들의 웃음과 시선을 좇으며 또 한 번 영화가 된다."
658a8fb4c141e0258d59d579,이승경,4.0,겪지도 못했던 시절의 향수를 일깨우는 영화
658a8fb4c141e0258d59d57a,knowing_art,3.5,영화라기보다는 하나의 다큐\n그 시절 그 온도와 감성이 오롯이 다 전달되는\n영화관에서 보니 레전드들의 사운드가 다 느껴진\n다음에 집에서 와인 마실때 틀어놔도 좋겠다
658a8fb4c141e0258d59d57b,--,3.5,루이 암스트롱 역시 독보적이다.
658a8fb4c141e0258d59d57c,엄지수,5.0,내가 사랑하는 재즈의 향
658a8fb4c141e0258d59d57d,앵그리수,2.5,음악에는 쉼표가 많은데 영화에는 쉼표가 없다.
658a8fb4c141e0258d59d57e,Gigi,3.0,"대사 한 줄 없는, 영화가 아닌 공연 다큐라고 생각해야함. 음악을 하는 사람이었으면 더 재밌었을지도? 색감도 예쁘고 정사각형 프레임으로 보는 것도 흥미로웠다.  진주 목걸이에 다홍색 립 하고싶어짐"
658a8fb4c141e0258d59d57f,yeetang,3.5,스크린으로 봐도 울림이 있었다.
658a8fb4c141e0258d59d580,강다목,4.0,(짝짝짝)
658a8fb4c141e0258d59d581,몰봐,4.0,"낭만, 흥취, 분위기와 바다가 흠뻑.\n그 시절 패션과 담배, 맥주, 아이스바도 인상적.\n\n몸을 들썩이지도, 박수를 치지도 못한다.\n즐겁고도 고통스러운 영화."
658a8fb4c141e0258d59d582,dani,4.0,"기분 좋게 나부끼는 바람, 아른대는 물결, 짙은 담배연기 같은 재즈 그리고 사람들"
658a8fb4c141e0258d59d583,임형순,3.5,sweet little sixteen 할때 춤추는 정장아저씨보고 진짜 스탱딩 마려웠음... 한강에서 야외상영해주면 피맥들고 바로 달려간다 진짜
658a8fb4c141e0258d59d584,박지영,3.5,"영화는 지나치게 좁은 쇼트로 필요 이상의 시간을 지속시켜 연주자들의 즉흥적인 퍼포먼스와 합이 중요한 재즈의 세계를 온전히 담아내지 못한다. 다만, 취재 대상으로 삼은 뮤지션들의 퍼포먼스가 그 자체로 가히 환상적이라 그러한 폐쇄성을 상당 부분 만회한다. 특히, 엔딩에 등장하는 마할리아 잭슨의 퍼포먼스는 실로 굉장하다."
658a8fb4c141e0258d59d585,leaves,4.0,청각적인 부분은 물론 시각적으로도 탁월하다.
658a8fb4c141e0258d59d586,공씨,3.5,이렇게 극장에서 미동도 않고 보고 있는 모두의 모습이 너무나 웃겼다.. 마치 블랙코메디의 한 장면처럼.\n\n음...이게 이럴 게 아닌데...\n다들 속으로 그렇게 생각하며 앉아있었을듯.\n.\n.\n.\n.\n.\n.\n.\n.\n.\n코딱지만큼이라도 재즈에 대해 알았더라면 훨씬 더 좋았을텐데.
658a8fb4c141e0258d59d587,MOON people,3.5,"타임머신을 타고\n1958년 로드 아이랜드의 재즈 페스티벌이 열리는 곳으로\n툭, 떨어졌다.\n\n재즈에 대해 지식이 많지 않지만\n연주자들과 가수들의 모습을 짧게나마 보고 있자니\n아, 저런 사람들이 음악을 하기 위해\n태어난 사람들이구나! 하는 생각이 들었다.\n\n유행이 돌고 돈 것인지\n관객들 패션도 어찌나 힙하던지\n분명 의도되지 않은 모습들인데\n다들 각자의 작품 속 주인공처럼\n반짝반짝 빛났다.\n\n무의식적으로 어떤 사건 사고가 펼쳐지지 않는지\n기다리는 어리석은 내가 있었던 것은 비밀로 하자."
658a8fb4c141e0258d59d588,키매영,4.0,"아휴 하품난다. 언제쯤 끝나려나, 하면서\n손꾸락 발꼬락은 선율에 맞춰 까딱까딱 들썩들썩\n\n아니타 오데이의 스위트 조지아 브라운이 나올 때쯤엔\n아티스트 발견! 하고 내적 환호.\n집에 돌아오는 길에\n자꾸자꾸 내 플레이리스트를 채우는\n그때 그 사람들-\n\n(저도 야외상영 시급하다는 의견에 한표 더합니닷)"
658a8fb4c141e0258d59d589,고고티,4.5,"당장 뉴포트로 달려가고 싶게 만드는\n음악의  세계,  재즈의 향연"
658a8fb4c141e0258d59d58a,mandh,4.0,재즈와 함께 아름다운 시간여행. 그러나 극장에서 박수도 못치고 춤도 못추고 고통의 시간이었다. 플러스 진주 목걸이 사고 싶고 썬글라스 사고 싶고 빨간 스웨터 사고싶었삼
658a8fb4c141e0258d59d58b,서그종,3.5,앉아있기엔 아쉬운 다큐멘터리
658a8fb4c141e0258d59d58c,Nobody’s watching,4.0,내 묘비에 틀어놓고 싶다
658a8fb4c141e0258d59d58d,채정우,4.0,9/12 쿠씨네에서 관람\n\n영화보다는 재즈페스티벌 공연 실황을 보는 느낌. 재즈가 흘러나오는 50년대의 여유로운 여름밤으로 시간 여행한 기분이다.
658a8fb4c141e0258d59d58e,윤아킴,보고싶어요,잠들었음…
658a8fb4c141e0258d59d58f,양건,3.0,재즈를 즐긴 관객분들이\n진정한 승리자입니다
658a8fb4c141e0258d59d590,정인,3.0,지금의 나는 느끼지 못 할 낭만이 있던 시절
658a8fb4c141e0258d59d591,굴굴꿀꿀,0.5,나한테 영화는 스토리가 잇어야 되는데 이건 영화가 아님
658a8fb4c141e0258d59d592,김연준,4.0,꿈만 같은 순간
658a8fb4c141e0258d59d593,leslie,3.5,특별한 생각이나 부담없이 평온하게 즐길 수 있다
658a8fb5c141e0258d59d594,JJJ,3.5,한여름밤의 재즈 그리고 젊음의 열기
658a8fb5c141e0258d59d595,기비,3.5,자유롭게 춤추는 사람들 속에 섞이고 싶었다. 아쉬운 마음에 발만 까딱까딱.\n아티스트도 관객도 그걸 보는 나도 무아지경. 너무도 빨리 지나가버린 90분.
658a8fb5c141e0258d59d596,종달잉,4.0,재즈입문기
658a8fb5c141e0258d59d597,이돌린,4.0,나애 미드나잇 인 재즈
658a8fb5c141e0258d59d598,김경규,3.5,"다른 시대와 세계의 야만과 낭만, 동경"
658a8fb5c141e0258d59d599,이용철 평론가 봇,4.0,"안 보면 후회할, 이미 클래식이 된 음악영화"
658a8fb5c141e0258d59d59a,꾸꾸,보고싶어요,울산에 상영 안해주면 영화관 폭팔 시켜버릴것 ĭ˄ĭ
658a8fb5c141e0258d59d59b,탄호빵,4.0,그저 공연 실황 영상일수도 있다. 하지만 전설들과 함께한 재즈라면 그건 단순한 공연을 넘어서 영화가 된다.
658a8fb5c141e0258d59d59c,우히,3.0,대한극장 루프탑에서 모기에게 헌혈하며 봤었다
658a8fb5c141e0258d59d59d,박지윤,4.0,오늘날 우리는 너무 많은 자극에 노출되어 있는지도 모르겠다. 일렁이는 바다와 사람들의 얼굴. 그 모든게 좋았다.(BIFF)
658a8fb5c141e0258d59d59e,냐옹,3.0,여러모로 힐링
658a8fb5c141e0258d59d59f,이양,5.0,"내가 재즈를 좋아하는 이유는\n영혼의 깊이감이 있다\n영혼의 울림,\n그 느림 속에\n그냥 뱉는 가사 아닌\n마음 담아야만 나올 수 있는 울림\n슬픈 가사와는 어울리지 않는\n덤덤한 표정,\n악기들의 흔들리는 몸동작의 리듬\n리듬의 몸을 맡겨\n묵직한 베이스\n휘날리는 피아노\n숨을 한참을 참아야만 하는 색소폰\n숨을 죽이듯 한참을 바라본다\n그 기다림은 플랭크를 하는 1분처럼 길게 느껴진다\n몸을 힘을 실어 쿵쾅쿵쾅 드럼\n그 속에 잔잔한 드럼 브러시\n한 사람만이 이루어 낸 게 아닌\n함께 숨을 죽여 서로를 드러내지 않을 때의 조화로움\n그 속의 드러나는 울림의 소리가\n가사들이 내 마음을 울린다.\n\n내가 생각하는,\n재즈를 좋아하는 사람은,\n마음의 여유가 있어 기다릴 줄 알고\n사람을 배려할 줄 안다.\n고전과 전통에 깊이감이 있어 빈티지의 가치를 알고\n자유를 즐기는 자신만의 낭만을 삶을 사는 사람들이다. 그러기에 다른 사람의 다름을 판단하지 않고 존중해 주는 미덕, 율법에 사람을 규율하지 않는다. 그 판단은 자신이 하는 게 아니라는 것을 아는 사람이다.\n\n한여름밤의 재즈를 영화 엔딩 자막이 올라 오는 순간\n우리들은 약속했던 사람들처럼\n숨을 죽이며, 미동도 없이 그 자리에 남아 있었다.\n참 신기했다. 수 없이 영화를 보러 영화관에 갔었지만, 살면서 이런 모습을 보는 건 처음이었다.\n많은 사람이 감동하고 벅찬 영화라 잠시지만 잠깐을 여운의 시간으로 함께 했다.\n\n내가 살아가면서 함께 하고 싶은 사람은\n어쩌면 이런 사람들이라는 것을 느낀다."
658a8fb5c141e0258d59d5a0,hae,3.5,재즈에 의한\n재즈를 위한\n재즈로 인한\n\n모든 것이 재즈여서\n완벽했던 여름 날
658a8fb5c141e0258d59d5a1,쩜순,4.0,한여름밤의 둠칫둠칫!
658a8fb5c141e0258d59d5a2,문화예술로 연명 중,3.5,"와… 그 시절에도 촬영, 녹음이 이렇게 기깔날수있었구나 이런 작품이야말로 야외상영을 해야함\n\n괴물 대신 봤는데 후회는 없다.."
658a8fb5c141e0258d59d5a3,김현경,3.5,김민주 gv
658a8fb5c141e0258d59d5a4,정재린,5.0,우리 나중에 그 카페에서 온종일 뉴포트를 띄어두고 여름을 보내자.
658a8fb5c141e0258d59d5a5,Youngdae Seo,4.0,좋아하는 사람과 페스티벌에 참가한 하루. 노을이 아름다운 하루였고 옆에서 곤히 잠든 모습이 사랑스러웠다.
658a8fb5c141e0258d59d5a6,박채은,3.5,영화로 보기보다는 그냥 늘상 저녁 먹을 때쯤이면 틀어놓고 싶다. 영화관에서 보려니 영상 속 관객이 너무 부럽기만 했다
658a8fb5c141e0258d59d5a7,다정한무관심,4.0,러닝타임 동안 1958년의 뉴포트에 있었다.
658a8fb5c141e0258d59d5a8,미풍,3.0,재즈를 좋아하는 사람에겐 최고의 영화일 듯 싶다. 특히 콘트라베이스 치면서 마을 풍경 보여주는 장면이 인상깊었다. 그리고... 너무 잘 잤다. 재즈는 잠 자기 아주 좋은 음악인 듯
658a8fb5c141e0258d59d5a9,여덟,3.5,자라섬 재즈 페스티벌 가고싶다.
658a8fb5c141e0258d59d5aa,MONARCH,4.0,이걸 맥주도 없이 상영관 안에서 조용히 보라는건 고문 아닙니까\n루이 암스트롱은 괜히 재즈의 아버지로 불리는게 아니다 여유에서 뿜어져나오는 아우라는 관객을 완벽하게 휘어잡아버린다
658a8fb5c141e0258d59d5ab,정민기,3.5,페스티벌에선 음악만이 중요한 게 아니다
658a8fb5c141e0258d59d5ac,비토,2.5,(아무 소리도 내지 못 하고 리듬을 타지도 못하니) 이렇게 보니까 재즈스럽지 않았다.
658a8fb5c141e0258d59d5ad,Eva.j,3.0,"루이 암스트롱이 트럼펫도 부는지 처음 알았네.\n재즈는 신기하다. 재즈의 시대는 가버렸는데도, 이렇게 50년대 화면을 복원했는데도. 촌스럽다거나 고여있다는 느낌이 들지 않는다. 그냥 쿨해. 왜 그렇지?\n바닷물은 매 순간 흘러가는데도, 부서지는데도, 일그러지는데도. 없어지지 않고 그자리에 있는 것 같이.\n\n맥주한잔 하며 춤추면서 사랑하는 사람과 보고싶네.\n\n2022.09.28, 라이카시네마"
658a8fb5c141e0258d59d5ae,전승호,4.0,기록하는 행위의 위대함
658a8fb6c141e0258d59d5af,tu,5.0,멋진무대와 아름다운 풍경 그것을 만끽하는 사람들.\n이 영상을 남겨 지금 내가 볼 수 있음에 감사한다.\n함께 즐기고 웃을 수 없는게 아쉬울 따름
658a8fb6c141e0258d59d5b0,B바라기,3.5,맥주를 곁들이고픈 심신안정제
658a8fb6c141e0258d59d5b1,송예준,4.0,2022년 서울 종로에서 재즈 페스티벌이 열렸던 1959년 미국 뉴포트로 점프. 분위기는 격없이 자유로웠고 뉴포트 정말 아름다웠고 고막에는 꿀이 찼어요. 한 시간 반 동안 행복했어요.
658a8fb6c141e0258d59d5b2,성태훈,보고싶어요,째애애즈란 말이죵
658a8fb6c141e0258d59d5b3,nordan,4.0,"영화관이 아니라 잔디밭 또는 어둑어둑한 조명의 와인바에서, 재즈 선율에 목이 타 마시는 생수가 아니라 적당한 알코올과 함께였다면 더욱 좋았을 영화."
658a8fb6c141e0258d59d5b4,예원_,2.5,재즈는 좋았지만 이걸 영화라 부를 수 있을까.
658a8fb6c141e0258d59d5b5,돼지팬클럽,2.0,이 영화는 옛날 재즈공연을 모아둔 영화다. 끝\n재즈란 말이죠\n수빱두비두밥 두비두밥
658a8fb6c141e0258d59d5b6,Fitz,4.0,재즈를 사랑할 수 밖에 없는 이유
658a8fb6c141e0258d59d5b7,BJY,4.0,재즈와 윤슬에 취한다
658a8fb6c141e0258d59d5b8,로치,3.0,좋은데 졸림
658a8fb6c141e0258d59d5b9,bn,3.5,시청각의 '예술'을 담아낸 야외에서 봐야하는 영화 1위.
658a8fb6c141e0258d59d5ba,해파리,2.5,All of me 연습해야지~
658a8fb6c141e0258d59d5bb,강응찬,3.0,영화 보는 느낌이 아니라 행사를 다녀온 느낌
658a8fb6c141e0258d59d5bc,서동현,4.0,관객이 영화의 주인공처럼 나온다. 페스티벌에 있는 모두가 주인공인 멋진 영화. 쉴 새 없이 흐르는 음악에 가만히 감상만하기엔 너무 아까운 영화다.
658a8fb6c141e0258d59d5bd,Valen,5.0,재즈 공연 보면서 가만히 있어야하는게.... 첫 시작부터 위기엿다........ 야외상영해달라고....... 했잖아요.....................
658a8fb6c141e0258d59d5be,Joewon Yoon,4.0,"Lives가 즐긴다, 고 번역되었다는 사실"
658a8fb6c141e0258d59d5bf,김밥,4.5,재즈를 잘 모르지만 참말로 즐길 수 있게 해준 영화
658a8fb6c141e0258d59d5c0,키시베,3.5,웃어넘기는 실수마저 재즈가 되는\n그 시간이 참으로 부럽구나.
658a8fb6c141e0258d59d5c1,네원,3.5,재즈가 뭐라고 생각하세요? 후하 이 영화를 대한극장 후프탑 야외상영으로 늦여름의 마지막에 살갗을 스치는 셔츠를 입고 맥주를 마시며 보다니 나는 행운아야!
658a8fb6c141e0258d59d5c2,윤홍민,4.5,All the cats wanna dance with sweet little sixteen
658a8fb6c141e0258d59d5c3,지인,4.0,"장면 하나하나가 너무 이쁨. 재즈 음악도 좋아서 보면서 남모르게 발을 굴렀다. 빔프로젝터를 구매한다면 여름밤에 매일 틀어놓고 싶은 영화!\n\n사실 영화가 좋기도 했지만 대한극장 옥상에서 야외상영회로 본 경험이 너무 좋았다. 적당하게 부는 바람과 풀벌레 소리, 맥주 한 캔의 추억은 절대 못 잊을듯🥹"
658a8fb6c141e0258d59d5c4,JCKR,3.5,한여름밤의 재즈ㆍ37ㆍ재즈같은 관객
658a8fb6c141e0258d59d5c5,originew,3.5,영화 속 청중이 되어 기립 박수 치고 싶은 순간의 연속.
658a8fb6c141e0258d59d5c6,weihnachten,3.5,"85분간 그야말로 쉴새없이 이어지는 재즈, 음악의 향연."
658a8fb6c141e0258d59d5c7,심재,4.0,소름이 돋은채로 내적댄스 추느라 시간가는줄 몰랐다
658a8fb6c141e0258d59d5c8,미안해요 래리(이성현),4.0,그 시대의 낭만을 생생하게 담아낸 것만 해도 최소 4점.
658a8fb7c141e0258d59d5c9,김윤섭,5.0,내적 댄스를 이겨내지 못하고 스윙해버렸다. 극장안에서.\n야외 상영하면 또 보러 갈거다. 박수치러.
658a8fb7c141e0258d59d5ca,온,3.0,"대단한 찬사를 받을 정도인지는 모르겠음ㅠㅠ근데 콘서트 다큐멘터리 시작점이라고 하니까 이게 있었으니까 후대에 점점 더 발전해 온거겠지?\n색감은 진짜 아름다웠다. 빈티지샵에서 봤던 드레스들 입고 공연하는 디바들🖤 공연 즐기는 관객들까지 얼굴 잡히는 사람만 계속 잡히던데 반할뻔 했어요 언니들\n유튜브에도 공연 영상 몇 개는 있던데 물론 화질은 떨어지지만,, 상영 환경이 집보다 백 배 좋은 곳에서 보는 게 아니라면 글쎄다.. 사운드 특화관에서 상영하는 것도 아니라서 좀 아쉬움"
658a8fb7c141e0258d59d5cb,박도훈,3.0,한 없이 행복해보이는 그들의 표정을 보는 것만으로도…
658a8fb7c141e0258d59d5cc,황미정,5.0,너무예쁘다
658a8fb7c141e0258d59d5cd,17171771,4.0,과제 안하고 이거 보길 잘했다..
658a8fb7c141e0258d59d5ce,김동현,4.0,"59년 여름, 바람은 선선하게 불고 흰 포말을 일으키는 파도를 보면서 사람들은 웃었어. 다 녹아 문드러져 미지근한 맥주를 마시지. 느긋하게 지나가는 차 안에서 재즈 연주자들의 연주가 들렸고 그게 썩 좋았어."
658a8fb7c141e0258d59d5cf,billi1air,4.0,극장(劇場)과 시네마가 지금 우리에게 줄 수 있는 모든 것
658a8fb7c141e0258d59d5d0,woozi,3.5,좋다 졸리다 좋다 졸리다 좋다 끝\n\n좋긴 한데 졸려
658a8fb7c141e0258d59d5d1,Kwon,3.5,페스티벌이 벌어지는 도시의 공기까지 잡아내 더 진하게 다가오는 공연실황.
658a8fb7c141e0258d59d5d2,WatchaPedia,3.5,일부가 되어 재즈를 사랑하게 되어버림
658a8fb7c141e0258d59d5d3,개가오,4.0,"당시의 재즈는 찰나의 화합이었다.\n\n온갖 차별이 만연하던 시기에 인종과 성별\n그리고 사회적 지위 상관 없이 남녀노소 재즈를 즐기러 온다.\n\n텍스트도 대사도 필요없이 그저 페스티벌을 즐기러 온\n관객들을 비추는 것 만으로도 충분히 알 수 있었다.\n\n현대의 휴대전화는커녕 워크맨조차 없었을 시기로\n특정한 곳에서만 사용할 수 있는 커다란 기계\n\n그것도 현장감, 제대로 된 음질로 음악을 즐길 수 없는 시대엔\n이런 페스티벌이 간절했을 것이다.\n\n그래서 그런지 춤, 연인과 스킨쉽, 취했다 싶을 정도로\n음악을 느끼고 열정적인 관객이 눈에 띄었다.\n\n재즈에는 농담이 있고 가벼운 장난이 있으며\n풍자와 공감이 있기에 재즈는 소통이고 일상을 담은 음악 같았다.\n\n이를 증명하듯 본 작품은 아티스트의 경연 속에 관객을 비춤과 동시에\n일상과 휴식 그리고 인생을 즐기러 온 사람들을 보여주면서\n재즈가 삶 속에 녹아들어 함께한다는 것을 묘사했다.\n\n다소 투박해 보이는 연출일진 몰라도\n재즈의 근간과 음악적 파급력이 자연스레 두드러졌고\n\n삶의 무게 그리고 사회, 정치에서 잠시나마 벗어나\n그저 페스티벌을 즐기는 이들을 보며 재즈가 추구하는\n음악적 가치가 느껴질 수 있었다.\n\n현대의 대중 음악처럼 패턴과 장단이 또렷하고\n다채로운 음향 그리고 꽉 찬 느낌의 곡들은 아니지만\n\n해학적인 가사 그리고 아티스트만의 몸짓과 템포에\n신명나고 느낌 가득한 경연으로 작중 관객들과 함께\n\n나도 모르게 손가락으로 박자를 맞출 정도로 젖어들어 감상했다.\n\n물론 현대의 방대하고 꽉찬 느낌의 음향도 아니고\n지금의 성향에 맞춘 곡들과 거리가 있으며\n\n무엇보다 스토리텔링이 베재되어 있는\n공연 실황 다큐멘터리라 사람에 따라 지루할 수도 있다.\n\n그럼에도 80분가량의 적절한 러닝타임에 재즈뿐만 아니라\n로큰롤과 가스펠 장르까지 아우르면서 오로지 콘서트 음악에 집중해 있으니\n관심이 있다면 한 번쯤 봐도 좋을 만한 다큐멘터리였다.\n\n또한 1999년 미국 의회도서관 영구 보존 영화에\n근 63년 만에 국내에 정식 개봉한 영화로\n\n흑인 음악계 거장들의 경연을 볼 수 있어 여러모로 상징성이 있는 작품을\n극장의 스크린과 사운드로 감상할 수 있는 기회고\n\n음악계 종사자 분의 GV 소식도 간간히 들려오니\n영화팬 혹은 음악에 관심이 많다면 경험 삼아 봐도 좋을 것 같다."
658a8fb7c141e0258d59d5d4,얌얌,3.5,배경 음악 같은 영화
658a8fb7c141e0258d59d5d5,무지,3.0,"가 본 적 없지만 그리운 그 곳의 분위기와 온도, 음악."
658a8fb7c141e0258d59d5d6,홀리몰리,4.0,언제까지 어깨춤을 추게할거야 내 어깨를 봐 탈골됐잖아
658a8fb7c141e0258d59d5d7,다예,3.5,야외상영으로 봤더라면\n별 5개가 아깝지 않았을텐데...
658a8fb7c141e0258d59d5d8,Her Waii,4.0,여름의 막바지에서 함께할 수 있어 좋았다\n무엇보다 부르죠아들의 패션을 엿보는 재미도
658a8fb7c141e0258d59d5d9,다다단스,3.5,짧다 많이 짧다 그래서 싫다\n더 길어야 하는데
658a8fb7c141e0258d59d5da,yohoooooo,4.0,재즈의 다양성.\n이 세상의 모든 악기도 재즈의 일부가 될 수 있다.\n심지어 음치까지 수용할 수 있지 않을까.\n라이브 듣고 싶다.
658a8fb7c141e0258d59d5db,achu,5.0,눈으로 담아낼 수 있는 모든 낭만
658a8fb7c141e0258d59d5dc,민철홍,4.5,제작하고싶은 꿈의 축제
658a8fb7c141e0258d59d5dd,김진태,5.0,"주펄의 ""썁빠뚜비두바~""가 날 여기까지 이끌었다.\n할아버지 할머니 세대들의 페스티벌 즐기는 자세와 감성은 우리보다 더 나았던 거 같기도?"
658a8fb7c141e0258d59d5de,김문,5.0,사랑해
658a8fb7c141e0258d59d5df,다람쥐,4.0,딱 좋은 계절과 날씨에 야외상영으로 보게 되어 운이 정말 좋았다. 그런데 맥주가 빠져서 너무 너무 너무 아쉬웠음.
658a8fb7c141e0258d59d5e0,얕고넓게내취향나도모름,3.5,가을밤이었지만 야외 상영으로 본게 신의 한 수
658a8fb7c141e0258d59d5e1,조각,3.5,"낙엽이 다가오는, 바다의 계절 끝에 보면 이번 여름을 보내고 다음 여름을 기대하게될 것 같은"
658a8fb7c141e0258d59d5e2,심신진,,정말 재즈만 틀어주네
658a8fb8c141e0258d59d5e3,mango,4.0,8000원 내고 거장들의 콘서트츨 즐기디
658a8fb8c141e0258d59d5e4,황해달,3.5,영화같은 다큐
658a8fb8c141e0258d59d5e5,왕껨짱,5.0,사운드 좋은 극장에서 못본 것이 한이야
658a8fb8c141e0258d59d5e6,Sungwoo Yoon,4.0,낭만가득 그 시절 페스티벌의 풍경과\n재즈거장들의 실연들
658a8fb8c141e0258d59d5e7,runmelo_,5.0,후덥지근한 공연장으로 데려가준다
658a8fb8c141e0258d59d5e8,꽃돔,3.0,마림바소리 넘좋아
658a8fb8c141e0258d59d5e9,정후중,3.5,과거의 싱그러움과 즐거움을 배달하는 뮤직비디오 (23. 3. 시리즈온)
658a8fb8c141e0258d59d5ea,찜닭😚,5.0,영화 좋은데 졸릴 때 보면 잘 거 같아서 쌩쌩할 때 가야대
658a8fb8c141e0258d59d5eb,ong,3.5,보면 정신이 몽롱해짐 ..\nzz 불면증이신 분 추천
658a8fb8c141e0258d59d5ec,gamja!,3.0,이걸 영화관에서 조용히 앉아서 가만히 봐야한다는 게 고역이었다
658a8fb8c141e0258d59d5ed,클래시네마 (유튜브),3.0,"* 3줄 리뷰\n\n1. 재즈팬이 아니어도 느낄 수 있는, 보편 상식의 아름다움이 있다.\n\n2. 그들의 얼굴에서, 천국이 어렴풋하게.\n\n3. 비몽사몽 눈감고 봐도 좋은, 편안한 품."
658a8fb8c141e0258d59d5ee,필네씨,2.5,"재즈에 대한 관망, 열정 그리고 메시지 그 자체."
658a8fb8c141e0258d59d5ef,Kingsofcompassion,4.0,와 한 여름밤의 꿈을 꾸고 나온 기분
658a8fb8c141e0258d59d5f0,영화볼때만ㅜ는남자,5.0,"재즈의 순수한 형태가 60년이라는 세월을 지나\n날것 그대로의 모습으로 고스란히 담겨있다.\n\n다큐멘터리인 이 영화는 1958년 뉴포트재즈페스티벌의\n실황을 인터뷰 장면 없이 있는 그대로 담았다.\n미국 뉴포트 해안가의 여유로운 여름날의 모습,\n재즈 페스티벌을 위해 모인 들뜬 사람들,\n그리고 재즈를 개척했던 전설적인 재즈 뮤지션들이\n한 곳에 모여 전하는 재즈의 진수.\n\n루이 암스트롱은 재즈 그 자체였고 인간이 재즈를 통해\n표현할 수 있는 것을 그 짧은 시간 안에 다 보여준 것만 같았다.\n이 영화에서는 재즈 뮤지션들의 퍼포먼스와 함께 관객들의\n다양한 리액션도 많이 담겨있는데 휴대폰이란 게 없던\n1958년의 관객들이 각자의 개성대로 온전히 재즈를 즐기는\n모습들이 참 흥미로웠다. 음악에 맞춰 춤추며 즐기는 관객들을 보다 보니 몇 해전 서울재즈페스티벌 다이앤 리브스 공연 때 잔디밭에서 신나게 춤추던 게 문득 떠올랐는데 아마 내가 그때 느꼈던 자유로움과 즐거움을 뉴포트의 관객들도 느꼈을 것 같다. 다른 게 있다면 그날 뉴포트에는 지금 생각해보면\n정말 말도 안 되는 엄청난 뮤지션들이 모여있었다는 것.\n\n영화를 보고 아쉬워 집에 와서 넷플릭스에 있는 마일스 데이비스 다큐를 봤는데 그도 그 페스티벌에 왔었다는 사실을 알게 됐다! 이렇게 연결점을 찾게 되니 반가웠고 그는 도대체 영화에 왜 안 나왔을까 궁금했고 그 당시 뉴포트재즈페스티벌은 정말 대단한 곳이었구나 한번 더 느끼게 됐다. 타임머신은 언제 개발되나.\n\n<놉> 다음으로 2022년 최고의 영화.\n재즈를 좋아한다면 꼭 봐야하는 영화."
658a8fb8c141e0258d59d5f1,박이삐삐,2.5,그 시대에 재즈 페스티벌을 그대로 짧게 다녀온 기분. 즐거운 재즈 관람시간. 영화라고 하기에는 현장 스케치 같은 느낌.
658a8fb8c141e0258d59d5f2,이십칠,3.5,재즈가 뭐라고 생각하세요?
658a8fb8c141e0258d59d5f3,靑ㅤ,4.5,내러티브가 있는 영화가 아니라 재즈를 담은 필름에 가까움 진짜 아름… 아름답다 음악이란 건\n재즈란 순간을? 사는 것이군요? 즐거움과 편안함과\n자연스러움이군요…
658a8fb8c141e0258d59d5f4,강노래,3.0,극장 안에 갇힌 페스티벌이 무슨 의미가 있을까?
658a8fb8c141e0258d59d5f5,Travis,보고싶어요,2022/9/5 소개
658a8fb8c141e0258d59d5f6,이진수,3.0,그들에겐 대화이자 우리들에겐 축제이며 축복이다
658a8fb8c141e0258d59d5f7,이태양,3.0,가치와 의미가 있는 볼만한 영화
658a8fb8c141e0258d59d5f8,변요섭,3.5,떠오르고 저무는 재즈 아래 하나가 된 어느 여름 날
658a8fb8c141e0258d59d5f9,한길,3.5,재즈를 사랑스럽고 귀엽게 느끼게 하는 순진한 그 시절.
658a8fb8c141e0258d59d5fa,개미똥,4.5,그 시절 멋쟁이들 왜 이렇게 많나요
658a8fb8c141e0258d59d5fb,유진,3.5,영화같은 순간이라고 느꼈을 그 때가 정말 영화가 된다면
658a8fb8c141e0258d59d5fc,노릿,2.5,제 코골이가 재지했다구요…죄송합니다ㅜㅠ
658a8fb9c141e0258d59d5fd,손성빈,3.5,이거 보고 레이밴 선글라스 구매 결심함.
658a8fb9c141e0258d59d5fe,cwone,4.0,박수치고싶어서 손 근질거림
658a8fb9c141e0258d59d5ff,고박호구마,2.5,‘이걸 영화라고 부를 수 있을까?’와\n‘이것이야말로 영화가 아닐까?‘ 사이에서 주저하게 된다.
658a8fb9c141e0258d59d600,vicky,3.0,"눈이 아닌 귀로 느끼는 영화. 야외에서 크게 틀어놓고  맥주한잔하며 들썩이며 보고싶은데 조용한 영화관에서 숨죽이고 보기엔 영 성에 안찬다. 루이암스트롱은 마치 재즈라는 자체를 사람으로 빚어놓은 것 같다. 마지막 가스펠에는 나도 모르게 울컥. 스토리도 없이, 스케치 영상 같은데 자유, 여유, 낭만의 시절.. 그때의 바이브가 느껴지게 만드는 음악과 소울, 목소리의 힘."
658a8fb9c141e0258d59d601,권기윤,3.0,아...음....무대는 좋긴 한데....\n영화로써의 가치는 딱히 없고 그냥 기록물 느낌...?
658a8fb9c141e0258d59d602,조조,3.5,낭만이 가득하다
658a8fb9c141e0258d59d603,카프리콘,3.0,재즈의 최잔성기 60년대로 가는 길목.\n음악은 충분히 만끽할 수 있으나 몇몇 관객의 반응 외에 다큐적 가치로는 한계를 느낀다.
658a8fb9c141e0258d59d604,양융,4.0,싱어롱 도입이 시급합니다…
658a8fb9c141e0258d59d605,고용호,4.5,어서 씨네큐브로\n2022.10.10.
658a8fb9c141e0258d59d606,Kiha,3.5,인생은 행복하게 떠들고 먹고 하다 가면 되는 것. 코르셋 한껏 조인 여자들 너무 예쁘다
658a8fb9c141e0258d59d607,전우성,4.0,가스펠만 빼줬다면 0.5점은 더 줬을 거야
658a8fb9c141e0258d59d608,곽동준,3.5,밤하늘에 스크린을 치고 누워서 보고픈 영화
658a8fb9c141e0258d59d609,Oholy,3.5,"적막으로 가득찬 영화관에서 흥을 절제하며 심장은 두근두근\n프레임에 가둬진, 일종의 영원의 순간을 보는 것\n\n한 발짝은 더 떨어져서 군상을 보니 오히려 좋았다\n\n마지막 곡의 전주를 들으면서 그래, 이거지\n재즈의 소울"
658a8fb9c141e0258d59d60a,징징,4.0,음악이 있다면 영원토록 영화같은 우리의 인생
658a8fb9c141e0258d59d60b,HunminJung,3.0,올해 재즈 페스티벌은 이걸로 갔다 왔다 치자.\n재즈 페스티벌을 갔다 온 사람들이 머릿 속에 추억하는 현장을 그대로 재현하면 이거.\n여름이었다....⭐️ 1시간 버전
658a8fb9c141e0258d59d60c,Serumo,3.5,정말 여름휴가에 재즈 페스티벌 와서 밤이 되도록 시간 가는 줄 모르고 공연 보는 기분이었다.
658a8fb9c141e0258d59d60d,eeHeaven,3.0,"영화관에서 볼 영화는 아닌 것 같다 ㅎ,,ㅎ\n근데 루이 암스트롱 넘 행복해보여서 나까지 기분 좋음"
658a8fb9c141e0258d59d60e,시연,3.0,영상이 음악을 듣지 않으니 기록물로써의 의미만 남게되었다.
658a8fb9c141e0258d59d60f,인주,4.0,보는 사람을 1958년의 그때 그 자리로 보내주는 재즈의 매력.
658a8fb9c141e0258d59d610,송씨네,4.0,재즈가 뭐라고 생각하세요? (주펄 주호민 님이 얘기하시긴 했는데) 이미 답은 나와 있지요. 1958년 로드아일랜드 주 남동부의 항구도시 뉴포트… 드넓은 바다가 보이는 이 곳에 차량 한 대가 질주하기 시작합니다. 악기와 사람을 태운 차량은 속도를 줄여 미친듯이 연주하지요. 그리고 그 뒤로 공연을 위한 전용 무대가 보입니다. 비어 있는 나무 접이의자는 조금씩 빈자리를 채워갑니다. 빅밴드의 연주로 시작된 무대는 중반으로 가는 시점에 척 베리가 아이돌처럼 칼군무 속에 록큰롤 무대를 선보이고 밤은 점점 깊어 옵니다. 슈퍼스타는 항상 끝판에 나오는 건 그 시기에도 그랬나 봅니다. 빅스타 두 명이 대미를 장식할 준비를 하죠. 첫 타자는 루이 암스트롱으로 노래도 잘하고 멋진 트럼펫 연주에 사람을 홀리고 웃게 만드는 만담 솜씨까지 만능이 따로 없지요. 대미를 장식한 사람은 마할리아 잭슨으로 가스펠의 여왕답게 온 힘을 다해 노래합니다. 1958년 뉴포트 재즈 페스티벌은 전설이 된 공연이죠. 1999년 미국 국회의사당에 동영상 자료가 영구 소장된데에는 다 이유가 있는 것이죠. 재즈는 결국 흥과 한을 포함한 감동까지 모두 느낄 수 있는 장르란 생각이 듭니다. 가스펠과 록큰롤은 이 장르의 뿌리가 되었고 흑인중심의 문화에서 점차 모든이들이 즐기는 음악이 되었죠. 스캣으로 애드리브를 펼치고 흥을 돋구는 것은 재즈가 가진 큰 장점이고요. 그리고 그 속에서 엘비스 프레슬리 같은 인물을 탄생시켰고요. 이 다큐는 1959년 다음해 이 공연실황을 선보이고 60주년이 되는 1999년에 디지털 리마스터링 되었죠. 비좁은 화면이지만 그럼에도 이 실황이 멋졌던 것은 열정을 다해 공연한 뮤지션들 때문이 아닐까 생각됩니다. 초반 시큰둥한 관객들의 표정도 예열 과정의 일부였고요. 어쩌면 그 시절의 음악들이 사랑받고 더 다양한 장르로 확대되며 우스스탁이 생겨났고 라이브 에이드 같은 거대한 쇼가 생겨난게 아닐까란 생각도 해보게 됩니다.
658a8fb9c141e0258d59d611,해와,3.5,재즈 콘서트 잘 즐기다 갑니다.
658a8fb9c141e0258d59d612,ㅇㅈ,3.5,누군가와 함께 화이트와인을 마시며 즐기고 싶은 딱 그런 영화.
658a8fb9c141e0258d59d613,유고은,0.5,옛날 재즈 공연을 단순 짜깁기 한 줄 모르고 봤는데 대체로 지루했음
658a8fb9c141e0258d59d614,zerosugar,4.0,어떻게 이 영화를 가만히 앉아서 보게 할 수가 있어요
658a8fb9c141e0258d59d615,Osborme,3.5,시절이 사람을 맨든다고 58년의 청춘들이 22년의 내보다 더 인생을 잘 즐기시는듯. 휴양지룩도 멋지고 다양한 계층의 사람들이 자기식대로 음악을 즐기는 것도 보기 좋더라. 아 물론 음악도.
