_id,Title,Img_lnk,Old_price,Dsc_price,Detail[0],Detail
658be206786b2d65070b7351,사라진 받침을 찾아라 플러스,https://cdn.011st.com/11dims/resize/600x600/quality/75/11src/pd/v2/2/7/9/3/0/1/sSPMi/6435279301_B.jpg,"49,000원","44,100\n원","◆ 책소개 ◆\n\n〈사라진 받침을 찾아라! 플러스〉는 ‘사라진 받침을 찾아라!’의 개정판으로, 읽기 장애 아동들부터 일반 아동들까지 도서를 활용하여 7종성 받침 글자와 소리를 바르게 학습하고, 게임을 통해 반복 연습할 수 있도록 도와주는 교재 및 도구입니다. 세트구성: 사용 설명서 1부, 도서 1권, 단어카드 117장, 입모양카드 3장(60조각), 받침카드 3장(60조각) 단어 목록표 1부, 지퍼백 2장, 대케이스(277x210x47mm)\n\n\n◆ 목차 ◆\n\n\n\n\n◆ 저자소개 ◆\n\n김지인\n저자 : 김지인 이화여자대학교 언어병리학과 석사, 서울아이정신건강의학과 언어재활사 저자 : 김소현 이화여자대학교 언어병리학과 석사, 늘푸른언어치료실",
658be20a786b2d65070b7352,문장이 술술 6,https://cdn.011st.com/11dims/resize/600x600/quality/75/11src/pd/v2/2/9/8/6/9/2/MXELe/5770298692_B.jpg,,"15,000\n원","◆ 책소개 ◆\n\n활용안내, 카드(100장) 그림카드를 이용하여 문장 형식을 연습하는 자료입니다. 주어, 목적어, 서술어, 격조사, 결속표지 등을 분석하여 명확하고 재미있는 그림카드로 제시하였고 이 그림카드를 이용하여 아동의 언어 이해 및 표현능력을 효과적으로 향상시킬 수 있습니다. 또한 그림을 활용하여 의사소통지도를 할 수 있고, 뒷면의 글자를 보고 읽기 및 쓰기 지도를 할 수 있습니다.\n\n\n◆ 목차 ◆\n\n\n\n\n◆ 저자소개 ◆\n\n김희영\n저자 : 김희영 서강대학교 영어영문학과, 이화여자대학교 대학원 특수교육학과 석사, 단국대학교 대학원 특수 교육학과 청각, 언어장애아교육전공 교육학박사 저자 : 김은형 강남대학교 사회사업학과 학사, 나사렛대학교 재활복지 대학원 언어치료학 석사, 경기도 장애인 재활협회 사회복지사 저자 : 전효진 순천향대학교 아동학과, 단국대학교 대학원 특수교육학과 정서 및 자폐성장애아교육, 김혜경 말 언어장애연구소 저자 : 김병미 명지대학교 사회교육대학원, 삼전사회복지관, 메티스 신경정신과",
658be20e786b2d65070b7353,문장이 술술 1,https://cdn.011st.com/11dims/resize/600x600/quality/75/11src/pd/v2/2/9/8/6/1/0/FDJIf/5770298610_B.jpg,,"15,000\n원","◆ 책소개 ◆\n\n활용안내, 카드(90장) 그림카드를 이용하여 문장 형식을 연습하는 자료입니다. 주어, 목적어, 서술어, 격조사, 결속표지 등을 분석하여 명확하고 재미있는 그림카드로 제시하였고 이 그림카드를 이용하여 아동의 언어 이해 및 표현능력을 효과적으로 향상시킬 수 있습니다. 또한 그림을 활용하여 의사소통지도를 할 수 있고, 뒷면의 글자를 보고 읽기 및 쓰기 지도를 할 수 있습니다.\n\n\n◆ 목차 ◆\n\n\n\n\n◆ 저자소개 ◆\n\n김희영\n저자 : 김희영 서강대학교 영어영문학과, 이화여자대학교 대학원 특수교육학과 석사, 단국대학교 대학원 특수 교육학과 청각, 언어장애아교육전공 교육학박사 저자 : 김은형 강남대학교 사회사업학과 학사, 나사렛대학교 재활복지 대학원 언어치료학 석사, 경기도 장애인 재활협회 사회복지사 저자 : 전효진 순천향대학교 아동학과, 단국대학교 대학원 특수교육학과 정서 및 자폐성장애아교육, 김혜경 말 언어장애연구소 저자 : 김병미 명지대학교 사회교육대학원, 삼전사회복지관, 메티스 신경정신과",
658be212786b2d65070b7354,나만의 사회성 슈퍼파워 up! (반양장),https://cdn.011st.com/11dims/resize/600x600/quality/75/11src/pd/v2/4/6/1/9/5/7/ekPOA/6387461957_B.jpg,,"20,000\n원","도서제목\n상품소개\n이 책은 “나만의 사회성 슈퍼파워 up”이라는 목표를 가지고, 사회성을 향상할 수 있는 50가지의 재미있고 흥미로운 활동으로 구성되어 있다. 다양한 활동을 통해 친구를 사귀고, 다른 사람의 이야기를 듣고, 대화를 유지하며, 때와 장소에 맞는 사회적 규칙을 이해하는 활동을 통하여 우리가 속해 있는 그룹, 사회, 문화에서 유능한 사람이 되는 것을 목표로 하고 있다.\n저자 소개\n저 : 나타샤 다니엘스\n아동 심리치료사이자 세 아이의 엄마입니다. 그녀는 ‘Anxiety Sucks!’, ‘A teen Survival Guide and How to Parent Your Anxious Toddler’의 저자입니다. 또한 육아 사이트인 Anxious Toddlers.com을 운영하고 있습니다.\n역 : 김선경\n이화여자대학교 특수교육과 학사, 석사, 박사 출신으로, 현재 이화여자대학교 아동발달센터 부소장이자 가천대학교 특수치료대학원 초빙교수를 겸임하고 있다.\n역 : 김미라\n이화여자대학교 특수교육학 학사\n가톨릭대학교 상담심리학 석사\n현 이화여자대학교 아동발달센터 연구원\n역 : 김은윤\n서강대학교 국어국문학과 학사\n이화여자대학교 특수교육학 석사\n현 이화여자대학교 아동발달센터 연구원\n목차\n제1장 사회적 기술(사회적 기술에 관심이 있는 사람은 누구일까?)\n제2장 사람들과 이야기하는 방법\n제3장 잘 듣고 살펴보기\n제4장 친구 사귀기\n제5장 우정 유지하기\n제6장 학교 안/밖에서\n제7장 우리 집/친구 집에서\n출판리뷰\n우리는 일상에서 다양한 사회적 상황을 경험하며, 사람들을 만나고 관계를 형성합니다. 낯선 사람과 인사를 나누고 대화를 시작하는 데 주저하지 않는 사람들도 있지만 다른 사람과 인사를 나누거나 이야기를 시작하고 관계를 맺고 유지하는 데 많은 시간이 필요한 사람들도 있습니다. 사람들과 원만한 관계를 맺고, 때와 장소에 맞게 행동하기 위해서는 사회적 기술이 필요합니다. 사회적 기술은 생활 속에서 자연스럽게 익힐 수도 있지만 차근차근 배움이 필요하기도 합니다.\n\n또한, 사회적 기술의 발달은 핵가족화, 디지털기기의 발달, 코로나19와 같은 외적인 환경요인뿐 아니라 내향적이거나 외향적인 기질과 같은 내적인 요소의 영향을 받습니다. 사회적인 거리두기 문화가 자연스러워지며, 어린아이들과 어른들 모두 타인과의 관계 맺기와 유지에 대한 고민이 커지며, 사회적 기술이나 사회성이 부족은 특별한 사람만이 겪을 수 있는 어려움이 아닙니다. 저희 또한 현장에서 오랜 시간 동안 사회적 기술 향상을 위한 수업을 진행하며, 아이들과 함께 체계적으로 진행해 볼 수 있는 활동자료가 있으면 좋겠다는 바람을 가지고 있었습니다. 그러던 중 이 책을 만날 수 있었고, 국내의 문화와 현장에 맞게 재구성하여 아이들과 프로그램을 진행하면서 사회적 기술을 지도하는데 유용한 자료라는 확신이 생겼습니다.\n\n이 책은 “나만의 사회성 슈퍼파워 up”이라는 목표를 가지고, 사회성을 향상할 수 있는 50가지의 재미있고 흥미로운 활동으로 구성되어 있습니다. 다양한 활동을 통해 친구를 사귀고, 다른 사람의 이야기를 듣고, 대화를 유지하며, 때와 장소에 맞는 사회적 규칙을 이해하는 활동을 통하여 우리가 속해 있는 그룹, 사회, 문화에서 유능한 사람이 되는 것을 목표로 하고 있습니다. 1장에서는 사회적 기술이 무엇인지 알아보고, 자신의 사회적 기술에 대해 살펴보는 활동을 통하여 사회적 기술을 향상할 수 있는 필수적인 정보를 배우는 활동으로 구성하였고, 2장에서는 대화 시작하기, 질문하기, 대화 유지하기 등과 같이 다른 사람들과 이야기하는 방법을 배울 수 있는 활동으로 구성하였습니다. 3장에서는 다른 사람과 소통할 때 필요한 기술을 갖추는 방법에 관하여 소개하였고, 4장에서는 자신에 대해 알고 나와 맞는 친구를 찾고, 우정을 맺는 방법에 관한 활동들로 구성하였습니다.\n\n5장에서는 친구와 우정을 유지하는 방법, 6장에서는 학교와 학교 이외의 장소에서 다른 사람들과 원만한 관계를 맺고 유지하는데 필요한 기술에 관한 내용을 배우고, 7장에서는 우리 집과 친구의 집에서 지켜야 하는 예절과 다른 사람의 집에서는 어떻게 행동해야 하는지와 관련된 활동으로 구성하였습니다. 저희가 소개하는 프로그램은 전문가들만 할 수 있는 것이 아니라 가정에서 부모님과 아이가 함께 해 볼 수 있는 활동이며, 사회적 기술을 위한 프로그램이라는 의도를 강조하지 않고, 재미있는 활동을 통해 자연스럽게 사회적 기술을 익히고 사회성을 향상할 수 있는 활동으로 구성되어 있습니다. 편안한 환경에서 익숙한 사람들과 놀이처럼 활동을 진행하며 사회성 향상에 대한 스트레스나 부담감을 느끼지 않을 수 있도록 구성되어 있습니다. 사회적 상황에 잘 적응하고, 사회적 대화에 잘 참여하며, 타인과 소통하는 데 어려움을 겪지 않는 유능한 사람으로 성장하기 위한 첫걸음을 함께 시작하며 응원의 메시지를 전달하고 싶은 소망을 담았습니다.\n배송 안내",
658be216786b2d65070b7355,문장이 술술 7,https://cdn.011st.com/11dims/resize/600x600/quality/75/11src/pd/v2/2/9/8/3/1/2/HVfif/5770298312_B.jpg,,"15,000\n원","◆ 책소개 ◆\n\n활용안내, 카드(72장) 그림카드를 이용하여 문장 형식을 연습하는 자료입니다. 주어, 목적어, 서술어, 격조사, 결속표지 등을 분석하여 명확하고 재미있는 그림카드로 제시하였고 이 그림카드를 이용하여 아동의 언어 이해 및 표현능력을 효과적으로 향상시킬 수 있습니다. 또한 그림을 활용하여 의사소통지도를 할 수 있고, 뒷면의 글자를 보고 읽기 및 쓰기 지도를 할 수 있습니다.\n\n\n◆ 목차 ◆\n\n\n\n\n◆ 저자소개 ◆\n\n김희영\n저자 : 김희영 서강대학교 영어영문학과, 이화여자대학교 대학원 특수교육학과 석사, 단국대학교 대학원 특수 교육학과 청각, 언어장애아교육전공 교육학박사 저자 : 김은형 강남대학교 사회사업학과 학사, 나사렛대학교 재활복지 대학원 언어치료학 석사, 경기도 장애인 재활협회 사회복지사 저자 : 전효진 순천향대학교 아동학과, 단국대학교 대학원 특수교육학과 정서 및 자폐성장애아교육, 김혜경 말 언어장애연구소 저자 : 김병미 명지대학교 사회교육대학원, 삼전사회복지관, 메티스 신경정신과",
658be21a786b2d65070b7356,샛별이와 함께하는 이럴 땐 어떻게,https://cdn.011st.com/11dims/resize/600x600/quality/75/11src/pd/v2/8/1/8/6/9/5/vlvER/5863818695_B.jpg,,"49,000\n원","◆ 책소개 ◆\n\n캘린더 1부(200*180mm), 엽서 60장(143*200mm), 스티커 6장(200*143mm) 다양한 문제상황에 대하여 문제해결 방법을 직접 제시해봄으로써 문제해결전략을 배울 수 있는 게임입니다.\n\n\n◆ 목차 ◆\n\n\n\n\n◆ 저자소개 ◆\n\n김미혜\n저자 : 김미혜 대구가톨릭대학교 언어청각치료학과 학.석사, 샛별언어심리발달연구소장, 통합의료진흥원 전인병원 언어재활사, 1급 언어재활사, 청능사 저자 : 배진현 대구가톨릭대학교 언어청각치료학과 석사, 홈티칭 전문 언어재활사, 1급 언어재활사",
658be21e786b2d65070b7357,사회성을 키워 주는 사고력 훈련 /사회인지 워크북,https://cdn.011st.com/11dims/resize/600x600/quality/75/11src/pd/v2/4/5/3/6/5/9/aelcB/5950453659_B.jpg,,"17,000\n원",도서제목\n목차\n저자 서문\n책의 구성 및 활용방법\n\n1. 왜?\n\n2. 어떻게?\n\n3. 감정 추론\n\n4. 대화 추론\n\n5. 맥락 추론\n\n6. 순서 추론\n\n7. 일상 상황 추론\n\n8. 사회적 상황 추론\n배송 안내,
658be222786b2d65070b7358,상담실무자를 위한 사례개념화 /이해와 실제,https://cdn.011st.com/11dims/resize/600x600/quality/75/11src/product/4216964152/B.jpg?66000000,,"22,000\n원","도서제목\n안내\n원서 2판\n상품소개\n이 책은 인지행동치료, 정신역동 심리치료, Adler 심리치료, 수용전념치료, 생리심리사회적 접근에서 핵심 요소들을 포함한 사례개념화를 작성하는 데 도움을 주는 통합적 사례개념화 모형을 소개하고 있다. 또한 사례개념화, 상담계획, 상담개입, 문화적 민감성에 대한 최신 동향과 연구를 강조하고 있으며, 주요 사항을 구체적이고 설득력 있게 다룬 상담 사례를 제시하였다.\n저자 소개\n저 : Len Sperry\nLen Sperry 박사는 플로리다 애틀랜틱 대학교(Florida Atlantic University) 정신건강상담과 교수이자, 위스콘신 의과대학(Medical College of Wisconsin) 정신-행동의학과 임상교수이다. 40년간 상담실무와 상담연구를 병행하였고, 지난 25년 동안 사례개념화에 대한 강의와 워크숍, 저술활동을 하고 있으며, 60여 종의 전문서적을 출판하였다.\n저 : Jon Sperry\n상담학 전공으로 박사학위를 취득했으며, 임상사회복지사 및 정신건강상담사 공인자격을 갖고 있다. 린 대학교(Lynn University) 임상정신건강상담 부교수로서 사례개념화에 대한 강의와 워크숍, 저술 활동을 하고 있다.\n역 : 이명우\n한국청소년상담원(현 한국청소년상담복지개발원)의 교수를 역임하였다. 현재는 평택대학교 상담대학원 교수로 재직 중이며, 상담 관련 학회에서 활발히 활동하고 있다.\n상담현장에서 어려운 상담사례를 접하면서 사례개념화의 필요성을 절감하였고, 1997년부터 사례개념화 중심의 개인상담사례연구집단을 운영해 왔다. 이 경험의 일부를 토대로 2004년 연세대학교에서 ‘상담사례개념화 교육 프로그램 개발 연구’를 수행하여 박사학위를 받았다. 사례개념화 중심의 상담실무와 상담슈퍼비전, 상담연구를 병행하면서 체득한 사례개념화에 대한 전문적 지식과 지혜를 상담현장에서 어려운 사례로 힘들어하는 상담자들과 공유하는 데 많은 노력을 기울이고 있다.\n배송 안내",
658be226786b2d65070b7359,유아교육에서의 교육방법 및 교육공학,https://cdn.011st.com/11dims/resize/600x600/quality/75/11src/product/2699421458/B.jpg?642000000,,"19,000\n원","도서제목\n안내\n2판\n목차\n2판 서문\n\n제1부 교육방법 및 교육공학의 이해\n\n제1장 교육공학\n1. 교육공학의 개념과 역사\n2. 교육공학의 영역\n\n제2장 교육방법\n1. 교육방법의 개념과 분류\n2. 교육방법의 선택\n3. 교육방법의 유형\n\n제3장 교육공학과 유아교육\n1. 교육공학과 유아교육\n2. 교수설계와 유아교육\n3. 학습자원과 유아교육\n4. 교수매체, 테크놀로지와 유아교육\n5. 교육공학의 최근 이슈와 유아교육\n\n제2부 교육방법 및 교육공학의 기초 이론\n\n제4장 커뮤니케이션 이론\n1. 커뮤니케이션 이론의 개요\n2. 커뮤니케이션 모형\n3. 커뮤니케이션 이론과 교육공학\n\n제5장 학습 이론\n1. 행동주의 학습 이론\n2. 인지주의 학습 이론\n3. 구성주의 학습 이론\n\n제6장 교수설계 이론 및 모형\n1. 교수설계의 개념 및 원리\n2. 교수설계 이론\n3. 교수설계 모형\n\n제3부 교육방법 및 교육공학의 활용\n\n제7장 문제기반학습을 위한 교수설계: 분석\n1. 문제기반학습의 개념과 문제의 특성\n2. 문제기반학습을 위한 분석\n\n제8장 문제기반학습을 위한 교수설계: 설계 및 개발\n1. 문제기반학습을 위한 설계\n2. 문제기반학습을 위한 개발\n3. 전통적인 수업의 교수·학습 지도안\n\n제9장 실행 및 평가\n1. 실행\n2. 평가\n\n제4부 교수매체와 디지털 학습환경\n\n제10장 교수매체\n1. 교수매체의 개념\n2. 교수매체의 기능과 분류\n3. 교수매체의 선정과 활용\n\n제11장 아날로그 매체\n1. 시각 자료\n2. 입체 자료\n3. 전기 작동 자료\n4. 기타 자료\n\n제12장 디지털 매체\n1. 컴퓨터\n2. 전자책\n3. 교육용 로봇\n4. 증강 현실\n5. 3D 프린팅\n\n제13장 이러닝과 미래교육\n1. 이러닝\n2. 포스트 이러닝\n3. 미래교육과 미래학교\n\n제14장 유아 멀티미디어 교육\n1. 멀티미디어의 개념과 멀티미디어 교육의 의미\n2. 유아 대상 멀티미디어 교육의 득과 실\n3. 멀티미디어 자료의 선정 및 활용\n\n참고문헌\n찾아보기\n배송 안내",
658be22b786b2d65070b735a,초등학생을 위한 어린이 친구 만들기 (반양장),https://cdn.011st.com/11dims/resize/600x600/quality/75/11src/product/1245566854/B.jpg?447000000,,"18,000\n원","도서제목\n상품소개\n어린이 친구 만들기’는 또래 문제가 있는 아이들을 치료하는 치료자들을 위한 완전히 매뉴얼화된 안내서이다. 이 독특하고 경험적으로 효과가 증명된 치료에서는 최초로 부모를 치료과정에 참여시켜서 학교와 가정에서의 일반화를 가능하게 했다. 선구자적인 저자들은 12년이 넘는 연구 결과를 반영하여 통합 사회기술훈련 프로그램인 ‘친구 만들기’를 만들어 냈다. 아이들은 단계적인 치료법으로 서로 만족스러운 사회적 상호작용을 시작하는 기술을 배우게 된다. 이런 사회적 상호작용으로 아이들은 또래집단에서 좋은 평가를 받게 되고 만족스러운 친구관계를 맺게 되어 결과적으로는 전반적인 삶의 질이 높아진다.\n\n이 책에는 임상적이고 경험적인 근거, 생생한 사례, 부모교육용 유인물과 과제 수행을 위한 자세한 안내문이 들어 있다. 또한, 아동발달 문헌에 대한 요약, 평가방법, 어린이 사회기술훈련에 대한 다양한 접근법도 보여주고 있어 친구 만들기 훈련을 해보고 싶은 치료자들이 충분히 활용할 수 있도록 구성되어 있다.\n저자 소개\n저 : 저 자 소 개\nFred Frankel\n\n프랭클 박사는 UCLA 정신과의 의학심리학 교수이다. 그는 로버트 마이어트와 함께 UCLA 어린이 친구 만들기 프로그램을 만들어 내어 1989년부터 현재까지 1,000명이 넘는 친구관계가 어려운 아이들을 치료해 왔다. 수많은 논문을 발표했으며, 친구 만들기 훈련은 NIMH에서 연구를 지원했다.\n\nRobert Myatt\n\n마이어트 박사는 캘리포니아 샌퍼난도에서 생활기술치료 프로그램의 임상수련 책임자이자 프로그램 책임자로 일하고 있다. 그는 UCLA 사회기술훈련 프로그램의 부책임자이면서 산타클라라 심리 그룹의 공동 창립자이기도 하다. 어린이와 사회적 상호작용에 대한 수많은 논문을 발표했다\n저 : 역 자 소 개\n하지혜\n\n경북대학교 의과대학 졸업\n서울아산병원 정신과 수련\n삼성서울병원 소아정신과 임상강사\n연세대학교 대학원 의학박사\n서울특별시 어린이병원 정신건강의학과 전문의\n\n박혜숙\n\n미시간주립대학교 학습장애 석사\n컬럼비아대학교 응용행동분석학 석사·박사\n공인행동분석박사(BCBA-D)\n샘휴스턴대학교 응용행동분석학과 교수\n공주대학교 심리행동치료학과 교수\n서울특별시 어린이병원 행동치료실 책임자‘\n\n이민영\n\n대구대학교 재활심리학과 석사\n한국 심리학회 공인 임상심리전문가\n서울특별시 어린이병원 임상심리사\n목차\nPART 1 배경\nCHAPTER 1 또래관계 문제를 치료해야 하는 이유\nCHAPTER 2 결과 측정하기\nCHAPTER 3 어린이 사회기술 치료의 종류\nCHAPTER 4 치료를 받는 아이들의 흔한 진단명\nCHAPTER 5 UCLA 어린이 친구관계 프로그램 연구결과\n\nPART 2 치료 준비하기\nCHAPTER 6 선별하기\nCHAPTER 7 초기면담하기\nCHAPTER 8 프로그램의 기본구조\n\nPART 3 회기의 내용\nCHAPTER 9 안내 회기/무대 꾸미기\nCHAPTER 10 대화기술\nCHAPTER 11 ‘끼어들기’/평판/지역사회 자원 사용하기\nCHAPTER 12 ‘거절’ 받아들이기/성별과 나이 문제\nCHAPTER 13 좋은 스포츠맨 규칙/사회적 목표 재조정하기\nCHAPTER 14 좋은 스포츠맨 규칙/긍정적 표현하기\nCHAPTER 15 단짝 만들기/놀이데이트\nCHAPTER 16 놀림에 대처하기\nCHAPTER 17 어른 존중하기\nCHAPTER 18 경쟁 다루기/성별 차이\nCHAPTER 19 신체적 싸움 피하기\nCHAPTER 20 졸업식\n배송 안내",
658be22f786b2d65070b735b,취업과 진로 4차산업혁명 시대를 준비하는,https://cdn.011st.com/11dims/resize/600x600/quality/75/11src/product/4221316751/B.jpg?786000000,,"18,000\n원","도서제목\n상품소개\n중세시대 대학의 이념은 ‘고독’과 ‘자유’였고 그 당시 대학생들은 병역과 각종 세금 혜택의 특권을 누렸다. 하지만 21세기 대부분 대학의 이념은 ‘취업’으로 바뀌고 있는 것 같다. 왜냐하면 4차산업혁명 시대에 기업과 산업체에서 요구하는 미래의 인재를 길러내는 것이 대학의 존재 의미이기 때문이다.\n저자 소개\n저 : 이창은\n선린대학교 보건행정과\n저 : 우영효\n계명대학교 교육학과(문학사)\n계명대학교 대학원 교육학과(교육학석사)\n계명대학교 대학원 교육학과(교육학박사)\n현재, 선린대학교 유아교육학과 교수\n\n주요저서\n테마로 읽는 교육학(공저, 양서원, 2001)\n인성교육의 이해(공저, 학지사, 2003)\n영유아 인성교육의 이론과 실제(양서원, 2004)\n쉽게 풀어 쓴 교육학(공저, 학지사, 2010)\n쉽게 풀어 쓴 교육철학 및 교육사(공저, 양서원, 2013)\n취업과 진로(공저, 동문사, 2014)\n쉽게 풀어 쓴 인성교육과 직업윤리(동문사, 2015)\n유아교사와 인성교육(양서원, 2016)\n\n주요논문\n사소절에 나타난 인성교육 분석\n동화를 통한 인성교육\n유아교사의 인성교육 모델\n소학을 통한 인성교육의 현대적 의미\n문학작품을 통한 인성교육\n정약용의 교육사상 연구\n소학의 철학적 분석을 통한 인성교육 실천 방안연구 등 다수\n목차\n01 Introduction 도입\n02 Set Vision 비전설정\n03 Core Competencies 핵심역량\n04 Occupation Competencies 취업역량\n05 Experience Resume 경험이력\n06 Employ Roadmap 취업 로드맵\n07 Interview 면접\n배송 안내",
658be233786b2d65070b735c,학습부진아 지도 /교육과정 기반 개입 모델,https://cdn.011st.com/11dims/resize/600x600/quality/75/11src/product/4618181121/B.jpg?465000000,"18,000원","17,100\n원","도서제목\n목차\nPart 1. 학습부진 현상에 대한 이해\n\nChapter 1. 학습부진의 정의와 문제 4\nChapter 2. 학습부진의 원인 6\n1. 가정과 부모 변인 6\n2. 인성 변인 14\n3. 학교 변인 21\n\n\nPart 2. 학습부진에 대한 교육과정 기반 개입 모델\n\nChapter 1. 교육과정 기반 개입 모델의 등장 배경 36\nChapter 2. 교육과정 기반 개입 모델의 단계 40\n1. 진단 단계 40\n2. 처방 단계 66\n\nPart 3. 학습부진아의 기본 학습 기능 지도\n\nChapter 1. 읽기 지도 100\n1. 낭독 지도 100\n2. 독해 지도 111\nChapter 2. 쓰기 지도 126\n1. 맞춤법 쓰기 지도 126\n2. 작문 지도 129\nChapter 3. 수학 지도 140\n1. 계산 기능 지도 140\n2. 수학 문제해결 지도 144\n3. 해결책 계획하기 지도 151\n4. 계산 규칙 적용하기 지도 152\n\nPart 4. 학습부진아의 자기 주도적 학습 능력 지도\n\nChapter 1. 자기조절 능력(self-regulatory ability) 지도 157\n1. 자기조절의 정의 157\n2. 자기조절 능력 발달 단계 158\n3. 자기조절 능력 지도 163\nChapter 2. 학습기술(study skills) 지도 169\n1, 학습기술의 정의 169\n2. 학습기술의 발달 단계 171\n3. 학습기술 지도 172\nChapter 3. 마음 습관 지도 245\n1. 모델링 245\n2. 프롬프트(prompt)의 사용 246\n3. 자기점검(self-monitoring) 247\n4. 루브릭(rubric) 또는 체크리스트를 사용하기 249\n5. 학습일지나 또는 포트폴리오를 사용하기 252\n\nPart 5. Haifa 대학의 사례\n\nChapter 1. 사례 개관 256\n1. 연구 문제 256\n2. 연구의 이론적 배경 257\n3. 연구의 단계 257\n4. 측정 변인 258\n5. 개입 절차 260\nChapter 2. 예비교사 교육 프로그램 263\n1. 참여자 264\n2. 코스의 목표 264\n3. 교육과정 265\n4. 절차 266\n5. 결론 267\nChapter 3. 현직교사 연수 프로그램 268\n1. 목표 268\n2. 교육과정 269\n3. 절차 270\n4. 연수 운영상의 유의점 271\n배송 안내",
658be237786b2d65070b735d,미래사회와 교과교육,https://cdn.011st.com/11dims/resize/600x600/quality/75/11src/pd/v2/4/5/0/6/6/8/huJDn/4507450668_B.jpg,,"20,000\n원","도서제목\n상품소개\n『미래사회와 교과교육』은 학습자중심교과교육학회에서 활동하는 각 교과교육 분야의 연구자들이 코로나19로 인해 예상보다 이르게 맞이한 뉴노멀 시대에 맞는 미래교육에 대해서 고민한 결과물이다. 독자들은 책 전체를 읽어 나가며 전체 교과교육을 관통하는 핵심 메시지를 읽을 수 있을 것이다. 각기 다른 전공영역 안에서 디지털 테크놀로지와 미래교육의 방향성을 제시하였지만, 학습자를 중심에 놓고 이들의 성장을 돕고자 하는 본질은 동일함을 느낄 수 있을 것이다. 각 교과교육 영역에서 학습자 중심 교육을 위해 디지털 테크놀로지를 활용하는 방법과 풍성한 사례들을 손에 잡힐 듯한 생생함으로 느껴 보고, 교과교육의 틀을 넘어서 우리 모두의 미래교육이 지향해야 하는 방향성을 그려 갈 수 있기를 기대한다.\n\n기술의 고도화는 역으로 인간성의 가치를 돌아보게 한다. 지금까지 교수매체의 역사는 기대와 실망을 반복해 왔다. 가상현실, 증강현실, 메타버스, 인공지능 등 눈부시게 발전하는 새로운 기술들 속에서 이들이 주는 잠깐의 신기 효과(novelty effect)를 넘어, 교육자들은 각 교과교육이 목표로 하는 학습자의 역량을 중심으로 사고하고 이를 활용하여야 할 것이다. 이 책에 담긴 집단지성을 통해 미래교육의 본질에 대한 단서를 찾을 수 있기를 기대한다.\n저자 소개\n저 : 박주연\n덕성여자대학교 차미리사교양대학 교수\n이화여자대학교 대학원 교육공학 박사(뉴미디어기반교육 전공)\n저 : 윤성혜\nLET’s Lab (Leading Educational Technologists’ Lab)을 운영하며, 이화여자대학교 등에서 교육공학을 가르치고 있습니다. 메이커 교육, 기업가정신 교육 등 미래사회를 위한 교육을 연구하고 개발하는 데 힘쓰고 있습니다.\n저 : 옥현진\n이화여자대학교 사범대학 초등교육과 교수. 저서로 『창조적 지식기반사회와 국어과 교육』 등이 있다.\n저 : 박보람\n한국교원대학교 사범대학 윤리교육과 및 동 대학원을 졸업하여 교육학박사 학위를 취득하였다. 2019년부터 강원대학교 윤리교육과 교수로 재직하고 있으며, 최근에는 한국연구재단의 지원을 받아 「청소년 집단 극단화의 심리적 요인 분석에 기초한 시민교육 방안 연구」에 주력하는 중이다. 대표 저서로는 『디지털 시민성 교육과정』, 『BIG FIVE 시민성 측정 도구』, 『건설적 논쟁학습의 이론과 실제』, 『고등학교 『생활과 윤리』 교과서』 등이 있고, 대표 논문으로는 「다문화 경험학습을 통한 글로벌 리더십 발달」, 「문화에서의 도덕적 보편성과 다양성: 탈북 청소년의 도덕적 성격을 중심으로」 등이 있다.\n저 : 송성민\n강원대학교 일반사회교육과 교수\n서울대학교 대학원 교육학 박사(사회과교육 전공)\n저 : 강현영\n목원대학교 수학교육과 교수\n서울대학교 대학원 교육학 박사(수학교육 전공)\n저 : 조헌국\n단국대학교 교육대학원 AI융합교육전공 교수. 서울대학교 물리교육과를 졸업하여 동대학원에서 물리교육으로 박사학위를 수여 받았으며, 과학과 예술의 융복합을 주제로 국내 한국물리학회, 아시아태평양이론물리학센터, 국제과학영재학회와 영국의 유니버시티 칼리지 런던, 호주의 디킨대학교와 맥쿼리 대학교 등 국내외 유수 기관과 대학교로부터 초청을 받아 강연하고 있다. 한국연구재단, 한국과학창의재단 등의 지원을 받아 데이터 마이닝을 통한 물리학의 미적 가치에 대해 연구하고 있다. 최근에는 교육 분야 데이터를 머신러닝 및 딥러닝을 적용해 분석하는 연구를 수행하고 있다. 이 외에도 현재 한국물리학회 평의원, 한국과학교육학회 이사, 학습자중심교과교육학회 학술이사, 한국감성과학회 이사 등 여러 학술단체에서 활동하고 있다.\n저 : 이동원\n부산교육대학교 실과교육과 교수\n충남대학교 대학원 교육학 박사(기술교육 전공)\n저 : 이수정\n한국직업능력연구원 선임연구위원, (전)경남대학교 가정교육과 교수\n한국교원대학교 대학원 교육학 박사(가정교육 전공)\n저 : 김동만\n인천가현초등학교 교사\n한국교원대학교 대학원 교육학 박사(컴퓨터교육 전공)\n저 : 김영식\n한국교원대학교 초등교육과 교수\n한국교원대학교 대학원 교육학 박사(스포츠교육학 전공)\n저 : 권수미\n예원학교, 서울예고, 이화여자대학교를 거쳐 미국 맨하탄 음대에서 피아노 연주 전공으로 석사(M.M.)와 박사(D.M.A.)학위를 받았다. 그리고 다시 콜롬비아 대학교에서 피아노 교수학(Piano Pedagogy)전공으로 음악교육학 석사(Ed.M.)와 박사(Ed.D.)학위를 받았다. 여러 콩쿨에서 수상하였고 귀국 후에는 매년 독주회와 앙상블 연주회를 여는 피아니스트로 활동하는 동시에 수많은 피아노 교재를 분석하고 연구한 결과를 다수의 논문으로 국내외 학술지에 발표하였다. 매직핑거는 피아니스트이자 피아노 교수학자로서의 경험이 토대가 된 교육시스템이다. 현재 한국교원대학교에 재직 중이며, 앞으로도 계속 교육 프로그램을 만들고 피아노 선생님들과 소통하면서 우리나라의 피아노 교육이 세계에서 가장 앞선 음악교육이 되도록 하려는 꿈을 가지고 있다.\n저 : 최성희\n미술교육 전공. 이화여대 국어국문학 학사 및 동 대학원 미술사학과 석사. 미국 펜실베니아 주립대학교(Pennsylvania State University) 미술교육 박사. 미국 피츠버그 주립대학교(Pittsburg State University) 조교수(2010-2014) 및 홍익대 초빙교수(2015-2017) 역임. 현재 한국교육과정평가원 부연구위원으로 재직 중. 주요 연구 분야는 통합예술교육, 미술감상교육, 박물관/미술관 교육이며, 2015년 서울시립 북서울미술관에서 열린 《코끼리 주름 펼치다 전》, 《끼리끼리 코끼리 전》 공동 큐레이팅을 비롯하여 다수의 교육 전시를 기획하였다. 공저서로 『미술교육의 기초』(2016), 『National Museums: New studies from around the world』(2011), 『문화 탐구로서의 미술교육』(2008)이 있으며, 역서로 『예술실행연구』(2016)가 있다. 그 외에도 「예술작품 하나로 교과를 가로지르기: 고미술 중심 융합교육과정, <프로젝트 하나>의 설계 및 실행 결과 고찰」(2017), 「미술관 전시 공간 내 체험적 요소를 구조화하기: 관계미학의 교육적 의미」(2015) 등 20여 편의 논문을 저술하였다.\n저 : 김혜영\n중앙대학교 영어교육과 교수\nState University of New York at Buffalo(뉴욕주립대학교) 영어교육학 박사\n저 : 한유진\n안산대학교 유아교육과 교수\n한국교원대학교 대학원 교육학 박사(유아교육 전공)\n편 : 학습자중심교과교육학회\n『미래사회와 교과교육』의 편자이다.\n목차\n발간사 / 3\n편집자의 글 / 4\n축하의 글 / 6\n추천의 글 / 7\n\n제 1 장 미래교육과 교사 역량 15\n1. 미래교육이란 15\n2. 미래교육의 실제 22\n3. 미래교육 실천을 위한 교사 역량 31\n\n제 2 장 리터러시 교육의 새로운 지평 49\n1. 리터러시 교육의 과거와 현재 49\n2. 리터러시의 변화를 촉발하는 요소 53\n3. 리터러시의 분화 56\n4. 학습과 리터러시 67\n5. 리터러시 교육의 방법 73\n\n제 3 장 원격교육에서의 윤리와 윤리적 성찰 81\n1. 학생의 원격교육 윤리 82\n2. 교사의 원격교육 윤리 84\n3. 원격교육 설계의 윤리 87\n4. 지속가능한 원격교육 93\n\n제 4 장 미래사회 × 사회과교육: 본질과 혁신에 관하여 99\n1. 온라인 교육으로의 전환, 기회인가? 99\n2. 미래사회, 사회과교육은 혁신적으로 바뀌게 될까? 101\n3. 미래 사회과교육의 지향, 본질과 변화 109\n4. 미래 사회과교육의 실천적 구상 116\n\n제 5 장 미래사회 준비를 위한 수학교육 127\n1. 세계 수학교육의 방향 127\n2. 미래사회를 위한 세계 수학교육의 변화 131\n3. 미래사회 대비를 위한 수학교육: 컴퓨팅 사고와 인공지능을 중심으로 140\n\n제 6 장 포스트 코로나 시대의 실험·실습 교육: 가상현실의 도전 159\n1. 서론 159\n2. 온라인 학습과 관련된 여러 개념들 162\n3. 변화하는 세계에서의 실험 및 체험, 그리고 그 명과 암 167\n4. 결론 179\n\n제 7 장 변화에 부응하는 실과(기술) 교육 185\n1. 서론 185\n2. 실과(기술) 교육의 흐름과 변화 187\n3. 실과(기술) 교육에서의 온·오프라인 교육 212\n\n제 8 장 미래의 가정과 교육을 디자인하다 227\n1. 서론 227\n2. 미래사회와 교육의 패러다임 변화의 이해 229\n3. 미래 가정과 교육의 방향 237\n\n제 9 장 인공지능 시대의 교육적 담론 255\n1. 여는 글 255\n2. 인공지능은 무엇인가? 256\n3. 인공지능은 어떻게 만드는가? 258\n4. 인공지능의 미래는 어떻게 될까? 263\n5. 교육에서 인공지능은 어떻게 적용 가능한가? 266\n6. 인공지능 시대에 필요한 교육적 관점은? 270\n7. 맺는 글-케달리온 이야기 274\n\n제10장 미래학교 체육의 새로운 패러다임, 가상현실(VR) 스포츠실 277\n1. 서론 277\n2. 가상현실 스포츠실 시스템 280\n3. 가상현실 스포츠실과 체육수업 283\n4. 가상현실 스포츠실과 TPACK 289\n5. 결론 295\n\n제11장 4차 산업혁명 시대의 음악교육 301\n1. 음악교육의 흐름과 변화 302\n2. 온·오프라인 음악교육 방법 309\n3. 4차 산업혁명 시대 음악교육의 전망과 과제 316\n\n제12장 포스트 코로나 시대, 미래교육 전환을 위한 미술교육의 과제 333\n1. 서론 333\n2. 비대면 미술 수업의 풍경 336\n3. 코로나 시기 미술 수업이 던진 화두 347\n4. 포스트 코로나 시대, 미술교육의 과제 352\n5. 결론 364\n\n제13장 디지털 트랜스포메이션 사회와 영어 교과의 미래 방향 369\n1. 사회변화에 따른 영어 교과의 도전 370\n2. 미래 혁신을 위한 영어 교과의 과제 383\n3. 결론 390\n\n제14장 디지털 시대의 유아를 위한 미래교육 397\n1. 디지털 시대의 유아 397\n2. 진화한 세대를 위한 새로운 교육 404\n3. 주도적으로 놀이하며 배우는 유아, 그리고 디지털 놀이 411\n\n찾아보기 / 428\n배송 안내",
658be23b786b2d65070b735e,"음악적 넛지, 음악교육 프로그램 개발",https://cdn.011st.com/11dims/resize/600x600/quality/75/11src/product/1968991949/B.jpg?529000000,,"18,000\n원","도서제목\n상품소개\n이 책은 음악적 넛지(musical nudge)로 가득하다.\n다시 말해서, 이 책에서는 음악교육의 효과를 높이기 위해 다양한 선택적 개입, 즉 넛지를 사용하였다. 학생들은 학습이라고 느끼지 않은 채 음표와 리듬을 배울 수 있을 것이다.\n\n노래를 부르다 보면 저절로 음이름이나 계이름이 외워지는 것을 경험하며 신기해할지도 모른다. 악기의 원리를 저절로 알아가게 되고, 작곡을 배운 적이 없는 학생들도 어느새 자신이 작곡한 8마디의 악보를 들고 있을 것이다.\n아주 수동적인 학생이라도 적극적으로 노래도 부르고 흥겹게 발로 리듬과 장단을 구를 것이다. 음악사를 어렵게 느끼던 학생들은 퍼즐을 풀기 위해 어느새 스스로 답을 찾고 있을 것이며, 세계의 다양한 음악과 대중음악을 좋아하던 아이들도 게임을 통해 더욱 자신감을 갖게 될 것이다.\n\n질문만으로도 사람들의 실행 가능성을 높인다는 넛지 효과에 대한 연구 결과처럼 이 책에서는 스스로에게 묻고 답을 찾을 수 있는 질문도 들어 있다.\n이 모두가 효과적인 음악교육을 위한 넛지들이다.\n목차\n\nChapter 01\n교육 프로그램 개발의 원리와 방법\n\n1. 교육 프로그램 개발의 원리 및 방법\n2. 활동 영역별, 교육 대상별 음악교육 프로그램의 특성\n\n\n\nChapter 02\n음악교육 프로그램 개발 1: 기초 이론\n\n프로그램 1-1. 음표, 쉼표 컵 연주\n프로그램 1-2. 계이름 가사 만들기\n프로그램 1-3. 율명 노래 부르기\n프로그램 1-4. 율명 윷놀이\n프로그램 1-5. 쌀알 율관\n프로그램 1-6. 그림 악보\n프로그램 1-7. 육보 구음 적어 보기\n프로그램 1-8. 율명 붙이기\n프로그램 1-9. 정간보를 오선보로 바꾸기\n프로그램 1-10. 악상 기호 미로 찾기\n프로그램 1-11. 빠르기말 노래하기\n프로그램 1-12. 그림으로 장조·단조 이해하기\n프로그램 1-13. 음정 다트\n프로그램 1-14. 평조, 계면조 스파이 게임\n프로그램 1-15. 평조, 계면조 호러 달리기\n프로그램 1-16. 토리 듣고 색칠하기\n프로그램 1-17. 리듬 베스킨라빈스\n프로그램 1-18. 진양조 369\n프로그램 1-19. 장단 카드 배열하기\n프로그램 1-20. 장단 발로 쳐 보기\n프로그램 1-21. 장단 이어 치기\n프로그램 1-22. 리듬 스푼\n프로그램 1-23. 캐논 변주\n프로그램 1-24. 주사위로 작곡하기 1\n프로그램 1-25. 주사위로 작곡하기 2\n프로그램 1-26. 주사위로 작곡하기 3\n프로그램 1-27. 곡선으로 작곡하기\n\n내가 만드는 프로그램\n\n\n\nChapter 03\n음악교육 프로그램 개발 2: 악기\n\n프로그램 2-1. 악기 짝 맞추기\n프로그램 2-2. 악기 할리갈리\n프로그램 2-3. 악기 다섯 고개\n프로그램 2-4. 8음 줄긋기\n프로그램 2-5. 악기 찾아오기\n프로그램 2-6. 틀린 악기 찾기 1\n프로그램 2-7. 틀린 악기 찾기 2\n프로그램 2-8. 다른 그림 찾기\n프로그램 2-9. 숨은 악기 찾기 1\n프로그램 2-10. 숨은 악기 찾기 2\n프로그램 2-11. 악기 서랍 채우기\n프로그램 2-12. 가야금 스도쿠\n프로그램 2-13. 합판 거문고\n프로그램 2-14. 고무줄 기타\n프로그램 2-15. 단소 릴레이\n프로그램 2-16. 빨대 리코더\n프로그램 2-17. 빨대 팬플루트\n프로그램 2-18. 병뚜껑 캐스터네츠\n프로그램 2-19. 풍선 드럼\n프로그램 2-20. 종이 레인메이커\n프로그램 2-21. 골판지 귀로\n프로그램 2-22. 요구르트 병 카주\n프로그램 2-23. 뚜껑 씨-사운드 드럼\n프로그램 2-24. 생활 난타\n\n내가 만드는 프로그램\n\n\n\nChapter 04 음악교육 프로그램 개발 3: 악곡\n\n프로그램 3-1. 애국가 쟁반 노래방\n프로그램 3-2. 그림 보며 이야기 만들기\n프로그램 3-3. 음악 상상하기 1\n프로그램 3-4. 음악 상상하기 2\n프로그램 3-5. 종묘제례악 체스\n프로그램 3-6. 문묘제례악 X맨\n프로그램 3-7. 당악 루미큐브\n프로그램 3-8. 대취타 색칠공부\n프로그램 3-9. 복식호흡 놀이\n프로그램 3-10. UCC 시조 경연대회\n프로그램 3-11. 12가사 엉뚱말 만들기\n프로그램 3-12. 휘모리 잡가 시장에 가면\n프로그램 3-13. 주사위 빙고\n프로그램 3-14. 둥글게 둥글게\n프로그램 3-15. 판소리 등장인물 짝짓기\n프로그램 3-16. 판소리 4박자\n프로그램 3-17. 5마당 이미지 게임\n프로그램 3-18. 음악 스피드 퀴즈\n프로그램 3-19. 음악극 만들기\n프로그램 3-20. 1인 아카펠라\n프로그램 3-21. 등장 음악 만들기\n프로그램 3-22. 상황극 음악\n\n내가 만드는 프로그램\n\n\n\nChapter 05\n음악교육 프로그램 개발 4: 음악사와 음악 산업\n\n\n프로그램 4-1. 산토끼 서양 음악사\n프로그램 4-2. 국악 연대 노래 부르기\n프로그램 4-3. 초성 퀴즈\n프로그램 4-4. 다 함께 외쳐요!\n프로그램 4-5. 인물 사다리 타기\n프로그램 4-6. 나를 찾아 봐!\n프로그램 4-7. 번호 따라 그리기\n프로그램 4-8. 어떤 춤일까?\n프로그램 4-9. 음악사 숨은그림찾기\n프로그램 4-10. 가로세로 퀴즈\n프로그램 4-11. 벨소리 만들기\n프로그램 4-12. 앱 합주\n프로그램 4-13. 영화 속 음악\n프로그램 4-14. 싸이의 ‘Korea’ 따라 하기\n프로그램 4-15. 내가 만드는 음악 동화책\n프로그램 4-16. 공연 모노폴리\n프로그램 4-17. 공연 초대장 만들기\n프로그램 4-18. 월드 뮤직 블루마블\n프로그램 4-19. 음악 직업 YES or NO\n프로그램 4-20. 내 프로그램으로 수업하기\n\n내가 만드는 프로그램\n\n\n\n참고문헌\n\n\n\n답안 예시\n배송 안내",
658be23f786b2d65070b735f,문장이 술술 3,https://cdn.011st.com/11dims/resize/600x600/quality/75/11src/pd/v2/2/9/8/6/5/3/eiAqV/5770298653_B.jpg,,"15,000\n원","◆ 책소개 ◆\n\n활용안내, 카드(84장) 그림카드를 이용하여 문장 형식을 연습하는 자료입니다. 주어, 목적어, 서술어, 격조사, 결속표지 등을 분석하여 명확하고 재미있는 그림카드로 제시하였고 이 그림카드를 이용하여 아동의 언어 이해 및 표현능력을 효과적으로 향상시킬 수 있습니다. 또한 그림을 활용하여 의사소통지도를 할 수 있고, 뒷면의 글자를 보고 읽기 및 쓰기 지도를 할 수 있습니다.\n\n\n◆ 목차 ◆\n\n\n\n\n◆ 저자소개 ◆\n\n김희영\n저자 : 김희영 서강대학교 영어영문학과, 이화여자대학교 대학원 특수교육학과 석사, 단국대학교 대학원 특수 교육학과 청각, 언어장애아교육전공 교육학박사 저자 : 김은형 강남대학교 사회사업학과 학사, 나사렛대학교 재활복지 대학원 언어치료학 석사, 경기도 장애인 재활협회 사회복지사 저자 : 전효진 순천향대학교 아동학과, 단국대학교 대학원 특수교육학과 정서 및 자폐성장애아교육, 김혜경 말 언어장애연구소 저자 : 김병미 명지대학교 사회교육대학원, 삼전사회복지관, 메티스 신경정신과",
658be243786b2d65070b7360,느린 학습자 인지훈련 프로그램 1 /경계선 지능 아동·청소년을 위한,https://cdn.011st.com/11dims/resize/600x600/quality/75/11src/product/3184043231/B.jpg?577000000,,"15,000\n원","도서제목\n목차\n머리말\n서론\n\n1. 작업기억\n·그림 보고 기억나는 대로 적어 보기\n·낱말 듣고 기억나는 대로 말하기\n·숫자 따라 말하기\n·불러 주는 숫자를 잘 들으며 빈칸 채워 넣기\n·낱말 거꾸로 말하기\n·숫자 빼기\n·동요 거꾸로 부르기\n\n2. 기억력\n·얼굴과 이름 함께 기억하기\n·반복해서 소리 내어 읽거나, 손으로 여러 번 쓰면서 외우기\n·첫 글자로 기억하기\n·문장 만들어 기억하기\n·같은 특성끼리 묶어서 기억하기\n·내용을 시각화하여 기억하기\n·마인드맵을 활용하여 기억하기\n·핵심어로 기억하기\n·그림이나 개념도 그려서 기억하기\n·암기법 활용 연습\n\n3. 행동억제\n·행동억제를 위한 훈련(눈과 비)\n·행동억제를 위한 훈련(낮과 밤)\n·행동억제를 위한 훈련(말, 책, 배, 집, 눈)\n·행동억제를 위한 훈련(배, 차, 개, 별, 손)\n·청기백기 게임\n\n4. 집행력\n·언어(범주) 유창성\n·사다리타기\n·미로 찾기\n·관련성 찾기\n·규칙 찾기\n·순서 찾기\n·문제해결\n·암호 풀기\n·암호문 만들기\n\n답안 및 해설\n상세이미지\n\n배송 안내",
658be248786b2d65070b7361,지체장애학생 교육의 이론과 실제 (양장),https://cdn.011st.com/11dims/resize/600x600/quality/75/11src/product/3764206119/B.jpg?555000000,,"20,000\n원","도서제목\n안내\n※ 교재철(3월,9월) 소량 입고되는 도서로, 배송지연 혹은 주문이 취소될 수 있습니다.\n배송 안내",
658be24c786b2d65070b7362,작문교육론 (사회평론 교육 총서 17),https://cdn.011st.com/11dims/resize/600x600/quality/75/11src/pd/v2/3/8/6/2/3/7/COODA/6194386237_B.jpg,,"28,000\n원","도서제목\n상품소개\n공동체 글쓰기, 실천적 글쓰기, 통합적 글쓰기를 위한\n작문 교육의 출발점\n\n이 책은 작문의 이론적 기초, 작문 교육의 이해와 실제 등 작문 교육에서 꼭 가르쳐야 할 내용을 담았다. 우리의 교육 현실과 관련된 이론, 학생의 눈높이에 맞춘 사례, 최근의 교육과정과 연구 경향을 중심으로 작문 교육의 내용을 다루었으며, 특히 학생들이 작문의 기본을 학습할 수 있도록 실제적인 글쓰기 유형을 개별 장으로 구성하였다. 또한 온라인상에서의 쓰기, 인터넷과 SNS로 인한 정보의 생산과 수용 방식의 변화, 챗GPT를 활용한 글쓰기 등 새롭게 나타난 글쓰기 양상을 포함한 최신의 작문 교육 교재라 할 수 있다.\n저자 소개\n저 : 권순희\n이화여자대학교 국어교육과 교수\n서울대학교 국어교육과 박사\n「다문화시대 문화간 의사소통 능력 향상을 위한 교육 자료」(2010), 「다문화 배경 학습자를 위한 한국어 교사 교육」(2014), 『한국어 어휘 교육』(공저, 2010), 『새터민을 위한 한국어 어휘 교육』(공저, 2012), 『사이버 의사소통과 국어교육』(2016), 『작문교육론』(공저, 2018)\n저 : 김경주\n한국교육과정평가원 연구원\n서울대학교 국어교육과 박사\n「표현 교육의 맥락에서 보는 이해와 표현의 요구와 외연」(2014)\n「국어과 수업 전문성의 관점에서 보는 국어 교사의 수업 행위와 그 의미」(2012)\n「국어과 수업 전문성 신장을 위한 초등교사 연수프로그램 개발에 대한 연구」(2010)\n저 : 송지언\n홍익대학교 국어교육과 교수로 재직중이다. 서울대학교에서 국어교육과 박사 학위를 받았다. 『한국어 쓰기 교육을 위한 ‘세 문장 쓰기’ 과제 개발 연구』(2017, 공저), 『평가자에 따른 작문 평가 결과의 비교 연구』(2016), 『작문 교과서의 논설문 수록 양상과 개선 방안』(2015) 등을 썼다.\n저 : 이영호\n계명대학교 국어교육과 교수\n서울대학교 국어교육과 박사\n「최명길의 상소문에 나타난 글쓰기 방법 연구」(2016)\n「자기 발견을 위한 중등학교 글쓰기 교육의 방향」(2014)\n『국어교과논술교육론』(2012)\n저 : 이윤빈\n고려대학교 문화창의학부 교수\n연세대학교 국어국문학과 박사\n『담화통합 글쓰기: 과제표상과 텍스트의 구성』(2017)\n『대학 글쓰기 연구와 텍스트 해석』(2015, 공저)\n「필자의 쓰기 수준에 따른 유형별 텍스트의 화제 구조 분석 연구」(2014)\n저 : 이정찬\n한국교육과정평가원 연구원\n서울대학교 국어교육과 박사\n「자기표현 글쓰기 교육의 비판적 검토-수사(修辭)와 탐구 그리고 정체성」(2017)\n「근대적 문종 인식으로서 ‘설명’의 출현과 그 배경」(2015)\n『근대 국어 교과서를 읽는다』(2015, 공저)\n『문제해결을 위한 글쓰기와 발표』(2014, 공저)\n저 : 주재우\n전북대학교 국어교육과 교수. 서울대학교 국어교육과 박사학위를 받았다. 논저로 「남북한 초등학교 쓰기교육 내용 비교」(2017, 공저), 「고전 속 도덕적 딜레마를 활용한 논술교육 연구」(2017), 『고전을 활용한 글쓰기교육』(2013) 등이 있다.\n저 : 변경가\n이화여자대학교 국어교육과 박사 수료\n「초·중등 학습자의 쓰기 개념화 양상 연구」(2017)\n「초·중·고 북한 이탈 학생의 쓰기 양상 분석」(2016, 공저)\n「초등학생의 국어 능력에 대한 교사의 인식 양상」(2014, 공저)\n목차\n개정판 머리말\n머리말\n\n1부 작문의 이론적 기초와 문식 환경의 변화\n\n1장 쓰기의 본질 및 쓰기 발달 단계\n1 쓰기란 무엇인가\n2 쓰기 능력은 어떻게 발달하는가\n3 쓰기는 어떤 역할을 하는가\n2장 쓰기 이론의 전개\n1 쓰기 이론은 어떻게 전개되어 왔는가\n2 결과 중심 쓰기 이론\n3 과정 중심 쓰기 이론\n4 대안적 쓰기 이론\n3장 쓰기의 과정\n1 쓰기는 어떤 과정을 거치는가\n2 쓰기 과정 모형에는 어떤 것이 있는가\n4장 쓰기의 전략\n1 쓰기 전략이란 무엇인가\n2 계획하기 전략에는 어떤 것이 있는가\n3 내용 생성하기 전략에는 어떤 것이 있는가\n4 내용 조직하기 전략에는 어떤 것이 있는가\n5 표현하기 전략에는 어떤 것이 있는가\n6 고쳐쓰기 전략에는 어떤 것이 있는가\n5장 변화된 문식 환경과 작문 교육의 역할\n1 문식 환경은 어떻게 변화하고 있는가\n2 문식 환경 변화에 따른 표현 양상의 실제는 어떠한가\n3 작문 교육 변화의 방향은 어떠해야 하는가\n\n2부 작문 교육의 이해\n\n6장 작문 교육과정\n1 작문 교육과정은 어떻게 변화되어 왔는가\n2 교수요목~제3차 교육과정─경필 시대의 작문 교육과정\n3 제4차 교육과정─수사학 이론으로 재구성된 작문 교육과정\n4 제5차~제7차 교육과정─인지주의 이론을 도입한 작문 교육과정\n5 2007과 2009·2011 개정 교육과정─사회구성주의 이론과의 통합을 모색한 작문 교육과정\n6 2015와 2022 개정 교육과정─핵심 역량으로 재편된 작문 교육과정\n7장 작문 교과서\n1 작문 교과서는 어떻게 구성되는가\n2 교과서에 작문 이론은 어떻게 반영되어 있는가\n3 교과서에 반영된 작문 이론을 어떻게 분석할 수 있는가\n4 실제성을 높이는 작문 교과서는 어떠한가\n8장 작문 교수·학습 방법\n1 작문 교수·학습의 원리에는 어떤 것이 있는가\n2 작문 교수·학습의 방법은 어떠한가\n3 작문 교수·학습은 어떻게 실행되어야 하는가\n9장 작문의 평가\n1 작문 평가란 무엇인가\n2 작문 평가에서 중요한 요소에는 어떤 것이 있는가\n3 작문 평가에는 어떤 유형들이 있는가\n4 작문 자동 채점 기술 어디까지 왔는가\n\n3부 작문 교육의 실제\n\n10장 정보 전달의 글쓰기\n1 정보 전달의 글쓰기란 무엇인가\n2 교육과정에 정보 전달의 글쓰기는 어떻게 나타나 있는가\n3 정보 전달의 글, 어떻게 쓰는가\n4 정보 전달의 글에는 어떤 것이 있으며, 어떻게 가르치는가\n11장 설득하는 글쓰기\n1 설득하는 글쓰기란 무엇인가\n2 교육과정에 설득하는 글쓰기는 어떻게 나타나 있는가\n3 설득하는 글, 어떻게 쓰는가\n4 설득하는 글에는 어떤 것이 있으며, 어떻게 가르치는가\n12장 표현적 글쓰기\n1 표현적 글쓰기란 무엇인가\n2 교육과정에 표현적 글쓰기는 어떻게 나타나 있는가\n3 표현적 글쓰기, 왜 가르치는가\n4 표현적 글에는 어떤 것이 있으며, 어떻게 가르치는가\n13장 학습을 위한 글쓰기\n1 교육과정에 학습을 위한 글쓰기는 어떻게 나타나 있는가\n2 학습과 쓰기는 어떤 관계가 있는가\n3 작문 교육은 교과 학습에서 어떤 역할을 할 수 있는가\n4 학습을 위한 글쓰기에는 어떤 것이 있으며, 어떻게 가르치는가\n\n찾아보기\n집필진 소개\n책 속으로\n쓰기 과정에 대한 가장 흔한 오해는 쓰기 과정이 선조적인 단계들로 이루어진다는 생각이다. 즉, 계획하기 과정이 끝나면 내용 생성하기 과정이 이루어지고 내용 생성하기 과정을 마쳐야 내용 조직하기 과정이 시작된다는 식이다. 그러나 (…) 필자는 내용을 생성하는 동시에 조직하기도 하고, 글을 작성하다 말고 다시 계획하기 과정으로 돌아가기도 한다. 요컨대 쓰기 과정은 동시성과 회귀성을 갖는다. 그러므로 쓰기 과정의 경계 또한 명확하게 구분되는 것이라기보다는, 편의상 설정된 느슨한 것으로 이해해야 한다.\n--- p.88\n\n쓰기 교육에서 사용되는 쓰기 전략은 ‘필자가 쓰기 과정에서 특정한 목표를 달성하기 위해 의식적으로 선택하는 최적의 방법’을 뜻한다. 여기서 쓰기 전략이 ‘목표를 달성’하기 위해 선택된다는 것은, 이 용어가 문제 해결로서의 쓰기 과정을 전제하고 있음을 보여 준다. 필자가 쓰기 과정에서 부딪치는 다양한 문제를 해결하기 위해 선택하는 것이 바로 전략이다.\n--- p.115\n\n기술의 변화에 따라 교육 환경 역시 새로운 국면을 맞이할 것이다. 챗GPT가 새로운 작문 도구로 대두되었다면, 이를 활용하는 데 필요한 구체적인 능력과 함양 방안, 교육 현장 내 새로운 도구의 도입에 따른 문제점과 해결 방안에 대한 충분한 논의가 필요하다.\n--- p.173\n\n두 교과서는 모두 활동 구성에서 인지적 구성주의 작문 이론을 적용하고 있어 매우 유사해 보인다. 하지만 각 활동을 자세히 살펴보면 두 교과서의 바탕이 되는 작문 이론이 서로 다르다는 것을 알 수 있다. 실제 작문 활동에 나타나는 두 교과서의 가장 큰 차이는 바로 협력적 글쓰기 활동의 유무이다.\n--- p.261\n\n전통적으로 작문 평가는 결과물을 토대로 이루어지는 것이 일반적이었다. 하지만 글 자체보다는 작문을 수행하는 학습자의 인지 및 수행 능력 등에 직접적으로 도움을 주는 것이 더욱 효과적이라는 주장이 제기되면서 작문 평가에서도 과정 평가에 대한 관심이 높아졌다. 또한 최종 결과물에 대해 수치화·등급화된 점수를 부여하는 것 외에도, 작문 수행의 전 과정에서 각각에 대해 진단하고 적절한 피드백을 제공하는 것 역시 평가로 간주하고 있다.\n--- pp.331-332\n\n학습을 위한 글쓰기는 학습자로 하여금 교과 학습과 관련된 문제를 쓰기를 통해 해결하도록 함으로써 학습 내용에 대한 심화된 이해를 끌어내는 학습 도구로서 기능을 한다. 학습자는 학습을 위한 글쓰기를 수행하는 과정에서 사고의 활성화와 의미 구성을 경험하고, 이를 통해 학습 내용과 관련된 심화된 이해에 도달하게 된다. 이런 측면에서 학습 도구로서 학습을 위한 글쓰기의 효과를 극대화하기 위해서는 학습자의 능동적인 의미 구성을 촉진할 수 있는 교육적 방안을 마련할 필요가 있다.\n--- p.486\n\n출판리뷰\n작문의 이론적 기초, 작문 교육의 목표와 방법 등 작문 교육을 위해 필요한 내용은 모두 담은 작문 교육의 기본서. 이번 개정판은 2022 개정 교육과정 중 ‘쓰기’ 영역과 ‘독서와 작문’에 나타난 성취기준, 제반 내용을 분석하였고, 인공지능 기술 발전에 따른 문식 환경의 변화와 챗GTP를 활용한 글쓰기 교육 등을 크게 보완하였다. 또한 작문 자동 채점 기술 및 IB 교육에 관한 내용을 보강하였다.\n\n이 책은 크게 세 부로 구성되어 있다. 1부 ‘작문의 이론적 기초와 문식 환경의 변화’는 작문의 정의와 기능, 작문 이론의 발달사, 작문 환경의 변화에 따른 쓰기 교육의 변화를 다룬다. 2부 ‘작문 교육의 이해’는 국어과 교육과정에 나타난 작문 교육과정의 변천사, 작문 교과서의 구성과 내용, 작문 교수·학습 및 평가의 방법을 개괄적으로 설명한다. 3부 ‘작문 교육의 실제’는 정보 전달을 위한 글, 설득하는 글, 표현적 글, 학습을 위한 글 등 교육과정에 나타난 다양한 종류의 글과 그 쓰기 방법, 그에 적합한 교수·학습법을 제시한다.\n\n각 장은 관련된 이론, 역사, 최신 교육과정과 연구 경향을 두루 다루었다. 학생이나 작가, 기자가 직접 쓴 글을 사례로 내용을 설명하여 추상적인 내용에 좀 더 구체적으로 접근할 수 있다. 또한 생소한 용어를 해설할 수 있는 〈용어설명〉을 덧붙여 작문 교육의 관점에서 해당 용어를 이해할 수 있게 했으며, 다양한 도식과 사진자료를 통해 본문에 대한 이해를 확장하거나, 개념을 정리할 수 있게 했다. 마지막으로 장이 끝날 때마다 〈생각해봅시다〉를 통해 해당 장에서 다룬 내용을 돌아보고 생각을 확장할 수 있다.\n\n현대 사회에서 작문은 단순한 글쓰기를 떠나 복합양식 쓰기로 개념이 바뀌고 있다. 또 한정된 공간에서의 쓰기가 아니라 삶과 밀착된 공간에서의 쓰기도 이루어지고 있다. 학교 현장에서도 이러한 변화를 반영한 작문 교육이 필요하다. 이 책이 작문 교육의 유토피아를 그리는 데 기여할 수 있기를 바란다.\n배송 안내",
658be250786b2d65070b7363,도구를 활용한 아동·청소년 상담 기법,https://cdn.011st.com/11dims/resize/600x600/quality/75/11src/product/4258728666/B.jpg?444000000,,"20,000\n원","도서제목\n상품소개\n쉽게 활용 가능한 17가지의 다양한 도구를 활용하여 아동·청소년과 심리적 연결고리를 만들 수 있는 방법을 소개하고 있다. 5컷의 그림과 설명을 통해 상담 단계를 쉽게 이해할 수 있도록 구성하였으며 각 장의 주요 활동이 자세한 축어록으로 제시되어 구체적인 상담 방법을 익히는 데 도움이 될 수 있다. 또한 개인/집단상담에서 제시된 구체적인 Tip을 함께 기술하여 실제 아동 및 청소년의 상담 장면에 쉽게 익히고 적용할 수 있다.\n저자 소개\n저 : 오인수\n이화여자대학교 사범대학 교육학과 교수(2009-현재)로 미국 사우스케롤라이나대학교(University of South Carolina) 사범대학 교육학과 교수(2007-2009)를 역임하였다. 미국 펜실베이니아주립대학교(The Pennsylvania State University)에서 상담자교육(Counselor Education)으로 박사학위를 취득하였으며 아동 및 청소년의 상담과 교육 전문가이다. 학교폭력 및 학생 부적응에 관한 연구를 수행하여 약 100여 편의 국내외 논문을 발표하였고 학술지인 「교육과학연구」의 편집장을 맡았으며 이화여자대학교 연구실적 우수교수(2017) 및 강의 우수교수(2011)로 선정된 바 있다. 상담과 교육에 관한 15편의 저서를 집필하였으며 주요 역서로는 『아동 · 청소년을 위한 학교상담』(2016), 『다문화상담』(2015, 대한민국학술원 우수학술도서 선정) 등이 있다. 10년간 교사로 재직한 경험과 5년간 청소년을 상담한 경험을 바탕으로 학교폭력을 포함한 학교 현장의 문제를 해결하는 실천적 연구를 진행하고 있으며 이러한 노력을 인정받아 2017년 부총리 겸 교육부장관 표창(학교폭력 예방 및 근절 부분)을 수상하였다.\n저 : 한혜원\n아이들과 부모님, 선생님의 따뜻한 동행을 응원하는 현직 초등 1급 전문상담교사다. 심리학과를 졸업하고 교육심리학으로 석사학위를 받았으며 현재 서울의 한 초등학교에서 전문상담교사로 재직 중이다. 각 교육청과 학교 등에서 대화법, 교사교육, 부모교육 등에 관한 컨설팅과 강의 활동을 하고 있다. 이화여자대학교 대학원에서 교육상담심리전공 박사과정을 수료하였으며, '따뜻한리스너'라는 필명으로 블로그에 부모-자녀 상담 콘텐츠를 연재하고 온라인 양육코칭을 진행하며 엄마들과 활발히 소통하고 있다. 티쳐빌원격교육연수원의 [우리학급 동상이몽] 연수 강사이며 저서로는 『초등감정사용법』, 『그렇게 말해주니 공부하고 싶어졌어요』가 있다.\n\n『그렇게 말해주니 공부하고 싶어졌어요』는 저자가 학교에서 1천여 명의 학생들과 만나며 공부에도 자존감이 뒷받침되어야 한다는 것을 깨닫고 아이 공부로 고민이 많은 부모들에게 도움이 되고자 집필하게 되었다. 아이들의 공부 자존감을 키워주기 위한 3가지 키워드(자율성, 유능감, 관계)를 통해 공부에 자신감과 용기를 심어주는 엄마의 대화법을 구체적으로 소개한다. (블로그: 따뜻한 리스너의 마음로그 https://blog.naver.com/young_granny)\n저 : 전은경\n現 서울 구암초등학교 전문상담교사\n이화여자대학교 교육학과 석사 과정\n저 : 김민정\n現 서울 가재울초등학교 전문상담교사\n이화여자대학교 교육학과 석사 졸업\n목차\n머리말\n구성 및 활용법\n\n1부 아동·청소년의 변화와 도구의 활용\n1. 아동·청소년의 인지적 변화\n2. 아동·청소년의 정서적 변화\n3. 아동·청소년의 사회적 변화\n4. 아동·청소년의 신체적 변화\n5. 도구를 활용한 아동·청소년 상담\n\n2부 도구를 활용한 상담 기법\n1. 포스트잇을 활용한 상담 기법\nㆍ바꿔 보자 내 생각!\nㆍ왜 그랬을까?\nㆍ스토리 미니북\n2. 신문지를 활용한 상담 기법\nㆍ감정, 날려 버려!\nㆍ신문지 콜라주\nㆍ가치딱지\n3. 색종이를 활용한 상담 기법\nㆍ우리는 색종이 가족\nㆍ알록달록 모자이크\nㆍ동서남북 토크\n4. 종이컵을 활용한 상담 기법\nㆍSMART 탑 쌓기\nㆍ마음 상처 톡톡\nㆍ성장저금통\n5. 상자를 활용한 상담 기법\nㆍ마음구급상자\nㆍ걱정을 담아요\nㆍ긍정주사위\n6. 봉투를 활용한 상담 기법\nㆍ2개의 가면\nㆍ날아가라! 스트레스\nㆍ나를 담은 봉투\n7. 풍선을 활용한 상담 기법\nㆍ분노야 작아져라\nㆍ생각 펑펑! 터트리기\nㆍ풍선호흡법\n8. 클레이를 활용한 상담 기법\nㆍ가족을 소개해요\nㆍ말랑말랑 내 마음\nㆍ구멍 난 마음 채우기\n9. 실/끈을 활용한 상담 기법\nㆍ우리 마음 다시 합체!\nㆍ걱정미용실\nㆍ한 땀 한 땀 목표로\n10. 공을 활용한 상담 기법\nㆍ대화를 주공받공\nㆍ통통! 튀는 회복탄력공\nㆍ감정피구\n11. 페트병을 활용한 상담 기법\nㆍ긍정요술병 만들기\nㆍ페트병 볼링\nㆍ병뚜껑 관계지도\n12. 스펀지를 활용한 상담 기법\nㆍ내 마음의 지우개\nㆍ번아웃 스펀지\nㆍ자라나라! 스펀지화분\n13. 나무젓가락을 활용한 상담 기법\nㆍ마법지팡이 만들기\nㆍ가족인형 역할극\nㆍ질문막대\n14. 의자를 활용한 상담 기법\nㆍ빈 의자 기법\nㆍ두 개의 의자\nㆍ세 개의 의자\n15. 음식을 활용한 상담 기법\nㆍ과자학교화\nㆍ나의 감정 부리토\nㆍM & M 분노 게임\n16. 다양한 도구를 활용한 상담 기법\nㆍ내 마음의 선글라스\nㆍ마음처방전\nㆍ나만의 배지 만들기\n17. 앱을 활용한 상담 기법\nㆍ 습관 형성하기\nㆍ 감정일기\nㆍ 감정을 캐릭터로 표현해요!\n상세이미지\n\n출판리뷰\n- 실생활에서 찾을 수 있는 다양한 도구를 상담에 활용할 수 있는 방법에 대해 자세하게 소개하고 있다.\n- 5컷의 그림과 설명을 통해 상담 단계를 쉽게 이해하고 적용할 수 있다.\n- 각 장의 주요 활동이 자세한 축어록으로 제시되어 구체적인 상담 방법을 익힐 수 있다.\n- 개인상담과 집단상담에서 구체적으로 활용할 수 있는 방법을 소개하여 상담의 효과성을 높일 수 있다.\n\n상담 이론과 기법을 아동 청소년에게\n적용하기 위한 연결고리\n\n상담자는 내담자를 마주하고, 교사는 학생을 상대한다. 이처럼 상담은 상대와 마주 대하며 변화를 이뤄 내는 과정이다. 서로 마주하는 것을 뜻하는 한자어 ‘相’은 나무(木)를 바라보는(目) 형상이다. 그래서 본래 相의 의미는 “자세히 보다.”, “관찰하다.”였다고 한다. 좋은 목재인지를 알려면 자세히 봐야 하기 때문이다. 이는 언어적 메시지를 ‘듣는’ 것보다 비언어적 메시지를 ‘보는’ 것이 상대와의 소통에서 더 중요하다는 상담의 기본 원리와 맥을 같이한다. 성인과 비교하여 아동·청소년을 상담할 때 특히 ‘바라보는’ 것이 중요하다. 언어적 표현이 제한되기 때문에 감정과 생각이 무의식적으로 얼굴 표정과 몸짓을 통해 흘러나오기 때문이다. 상담자는 내담자와 얘기하고, 교사는 학생과 대화한다. 이처럼 상담은 이야기를 통해 변화를 이뤄 내는 과정이다. 이야기를 뜻하는 한자어 ‘談’은 말(言)을 통해 불꽃(炎)이 튀는 형상이다. 격렬한 논쟁 끝에 결정하는 담판(談判) 처럼 열정적인 대화를 포함한다. 그런데 이처럼 말을 통해 변화를 추구하는 것이 아동·청소년의 경우에는 제한적인 경우가 많다. 아동·청소년은 성인처럼 언어 발달이 충분히 이뤄지지 않았기 때문에 추상적인 언어를 통해 자신을 표현하고 이해하는 데 어려움을 겪는다. 따라서 성인의 상담은 주로 언어를 매개로 변화가 이뤄지지만, 아동·청소년의 경우 변화를 촉진하려면 이 언어적 상호작용을 촉진하는 구체적 매개물인 도구가 필요하다. 상담 과정에서 아동·청소년과 언어적 상호작용의 한계를 극복하는 방법으로 이 책에서는 다양한 도구를 소개하고 있다. 피아제(Piaget, J.)가 주장한 것처럼 아동은 구체적인 조작을 통해 생각이 촉진된다. 추상적인 언어(言)가 아닌 손(手)을 통해 만지고 조작하는 활동을 할 때 생각이 촉진되고 감정을 쉽게 드러내며 자신을 보다 잘 표현한다. 그래서 아동·청소년의 경우에는 相談이 아닌 相?이란 글자가 아동·청소년 상담의 특징을 보다 잘 표현할 수도 있을 듯싶다. 대부분의 상담 이론과 기법은 성인상담을 가정하여 개발되고 연구된 경우가 많다. 그렇기 때문에 성인에게 효과적인 기법이 아동·청소년에게는 효과적이지 않은 경우가 많다. 아동·청소년과 효과적으로 상담을 하려면 그들과 심리적으로 연결되어야 한다. 이 책에서는 도구를 활용하여 그 연결고리를 만들 수 있는 다양한 방법을 소개하고 있다.\n\n『도구를 활용한 아동·청소년 상담기법』은 쉽게 활용 가능한 17가지의 다양한 도구를 활용하여 아동·청소년과 심리적 연결고리를 만들 수 있는 방법을 소개하고 있다. 이 책은 5컷의 그림과 설명을 통해 상담 단계를 쉽게 이해할 수 있도록 구성하였으며 각 장의 주요 활동이 자세한 축어록으로 제시되어 구체적인 상담 방법을 익히는 데 도움이 될 수 있다. 또한 개인/집단상담에서 제시된 구체적인 Tip을 함께 기술하여 실제 아동 및 청소년의 상담 장면에 쉽게 익히고 적용할 수 있다.\n\n상담자(전문상담교사, 전문상담사, 아동·청소년 상담자) 또는 교사(초등, 중등교사)를 대상으로 〈도구를 활용한 아동·청소년 상담 기법의 실제〉 주제의 연수를 진행할 수 있습니다. 본 도서의 저자가 직접 강의하며 사례를 중심으로 현장에서 다양하게 활용할 수 있는 연수가 가능합니다. 연수 진행에 관심있는 Wee 센터의 경우 아래의 메일로 연락을 주시면 안내해 드리겠습니다.\n메일주소: listener.hyewon@gmail.com (한혜원)\n배송 안내",
658be254786b2d65070b7364,문장이 술술 24,https://cdn.011st.com/11dims/resize/600x600/quality/75/11src/pd/v2/2/9/8/9/0/1/PHKnk/5770298901_B.jpg,,"15,000\n원","◆ 책소개 ◆\n\n활용안내, 카드(99장) 그림카드를 이용하여 문장 형식을 연습하는 자료입니다. 주어, 목적어, 서술어, 격조사, 결속표지 등을 분석하여 명확하고 재미있는 그림카드로 제시하였고 이 그림카드를 이용하여 아동의 언어 이해 및 표현능력을 효과적으로 향상시킬 수 있습니다. 또한 그림을 활용하여 의사소통지도를 할 수 있고, 뒷면의 글자를 보고 읽기 및 쓰기 지도를 할 수 있습니다.\n\n\n◆ 목차 ◆\n\n\n\n\n◆ 저자소개 ◆\n\n김희영\n저자 : 김희영 서강대학교 영어영문학과, 이화여자대학교 대학원 특수교육학과 석사, 단국대학교 대학원 특수 교육학과 청각, 언어장애아교육전공 교육학박사 저자 : 김은형 강남대학교 사회사업학과 학사, 나사렛대학교 재활복지 대학원 언어치료학 석사, 경기도 장애인 재활협회 사회복지사 저자 : 전효진 순천향대학교 아동학과, 단국대학교 대학원 특수교육학과 정서 및 자폐성장애아교육, 김혜경 말 언어장애연구소 저자 : 김병미 명지대학교 사회교육대학원, 삼전사회복지관, 메티스 신경정신과",
658be258786b2d65070b7365,문장이 술술 23,https://cdn.011st.com/11dims/resize/600x600/quality/75/11src/pd/v2/2/9/8/5/4/5/RBycE/5770298545_B.jpg,,"15,000\n원","◆ 책소개 ◆\n\n활용안내, 카드(84장) 그림카드를 이용하여 문장 형식을 연습하는 자료입니다. 주어, 목적어, 서술어, 격조사, 결속표지 등을 분석하여 명확하고 재미있는 그림카드로 제시하였고 이 그림카드를 이용하여 아동의 언어 이해 및 표현능력을 효과적으로 향상시킬 수 있습니다. 또한 그림을 활용하여 의사소통지도를 할 수 있고, 뒷면의 글자를 보고 읽기 및 쓰기 지도를 할 수 있습니다.\n\n\n◆ 목차 ◆\n\n\n\n\n◆ 저자소개 ◆\n\n김희영\n저자 : 김희영 서강대학교 영어영문학과, 이화여자대학교 대학원 특수교육학과 석사, 단국대학교 대학원 특수 교육학과 청각, 언어장애아교육전공 교육학박사 저자 : 김은형 강남대학교 사회사업학과 학사, 나사렛대학교 재활복지 대학원 언어치료학 석사, 경기도 장애인 재활협회 사회복지사 저자 : 전효진 순천향대학교 아동학과, 단국대학교 대학원 특수교육학과 정서 및 자폐성장애아교육, 김혜경 말 언어장애연구소 저자 : 김병미 명지대학교 사회교육대학원, 삼전사회복지관, 메티스 신경정신과",
658be25c786b2d65070b7366,느린 학습자 인지훈련 프로그램 3 /경계선 지능 아동·청소년을 위한,https://cdn.011st.com/11dims/resize/600x600/quality/75/11src/pd/v2/0/5/1/7/4/7/AzsXz/3184051747_B.jpg,,"16,000\n원","도서제목\n목차\n머리말\n서론\n\n1. 언어적 사고력\n·끝말잇기\n·첫 글자와 같은 낱말 찾기\n·규칙에 적합한 낱말 찾기\n·단위에 대한 낱말 익히기\n·낱말 익히기\n·포함하거나 포함되는 낱말 익히기\n·글자는 같고 뜻이 다른 낱말 익히기\n·낱말 이해\n·연결어\n·문장 이해\n·두 줄 독해\n·쪽지 글 읽고 필요한 내용 파악하기\n·안내문 보고 필요한 내용 파악하기\n·속담 이해\n·문단, 글 이해\n·지문, 글 이해\n·주장과 근거 알기\n·공통점과 차이점\n·그림이나 도표 그려 문제 해결하기\n\n2. 수학적 사고력\n·수의 규칙 이해\n·5의 보수 익히기\n·7의 보수 익히기\n·10의 보수 익히기\n·10을 모으기\n·10을 가르기\n·10의 보수 활용하기\n·암산 연습하기\n·연산 연습하기 － 좌표점 찾기\n·돈 계산\n·화폐 활용하기\n·돈계산의 실제\n·시간 계산의 실제\n·집합 개념의 이해\n\n답안 및 해설\n배송 안내",
658be260786b2d65070b7367,당당엄마 특수교육,https://cdn.011st.com/11dims/resize/600x600/quality/75/11src/pd/v2/3/7/4/3/7/1/dEUpz/1119374371_B.jpg,,"13,000\n원","도서제목\n상품소개\n당당한 엄마가 실천하는 특수교육, 과학적 이론에 바탕을 둔 응용행동분석에서 시작한다. 이 책은 아이의 언어발달 및 행동발달 촉진을 위해 응용행동분석을 이용한 교육법을 가정과 교실에서 실천하도록 도와준다. 자폐증이나 발달장애로 인해 기능적 언어행동발달이 더딘 우리 아이를 위해 이제 엄마와 교사는 행동과학자가 되어야 한다. 이 책을 통해 엄마와 교사가 행동과학자가 되는 첫걸음을 내디디게 해 준다.\n저자 소개\n저 : 저자 : 최진혁\n미국 컬럼비아대학교 응용행동분석학전공으로 석사·박사 학위를 받았다. 박사급 행동분석가(BCBA-D)이며, Fred S. Keller School과 Rockland BOCES의 교사를 역임했다. 현재 The Faison School for Autism 학교경영자이다.\n저 : 저자 : 박혜숙\n컬럼비아대학교 응용행동분석학전공 석사·박사, 미시간주립대학교에서 학습장애전공 석사 학위를 받았다. 박사급 행동분석가(BCBA-D)이며, Fred S. Keller School의 교사·슈퍼바이저를 역임했다. 현재 샘휴스턴대학교 응용행동분석학과 교수이다.\n목차\nPART 1 응용행동분석(ABA)! 어렵지 않아요\nPART 2 응용행동분석의 역사이야기\nPART 3 데이터를 만들자\nPART 4 주다를 사랑해 - 언어발달 여섯 가지만 알아두자!\nPART 5 제니스를 사랑해 - 가장 중요한 맨드교육!\nPART 6 로버트를 사랑해 - 사회성 발달에 중요한 택트교육!\nPART 7 라이언을 사랑해 - 글자 읽기의 첫걸음\nPART 8 브랜든을 사랑해 - 우리 아이 용변훈련\n배송 안내",
658be264786b2d65070b7368,아동언어장애의 진단 및 치료 (양장),https://cdn.011st.com/11dims/resize/600x600/quality/75/11src/product/1117175714/B.jpg?130000000,,"23,000\n원","도서제목\n안내\n개정2판\n분철 서비스 제공이 어려운 도서입니다.\n상품소개\n언어병리학을 공부하는 학생들에게 일명 ‘빨간 책’이라고 불렸던 『아동언어장애의 진단 및 치료』의 개정판이다. 초판과 비교하여 이번 개정판에서는 최근 문헌을 보안하고, 새로운 프로그램 등을 소개하였다.\n\n제1장에서는 아동의 언어습득 발달에 대화 능력, 이야기 능력, 읽기 능력 등 후기 언어습득기의 발달을 추가하였다. 제2장에서는 읽기장애를 추가하고, 여러 가지 동반장애의 정의 및 언어 특성에 대한 최근 문헌들을 좀 더 보강하였다.\n\n제3장은 새로 추가된 장으로, 다문화가정이나 장애부모가정과 같이 언어환경의 결핍 가능성이 크거나 말이 늦거나 이중언어를 사용하는 아동, 즉 언어발달 지연의 위험군에 해당되어 특별한 관심이 필요한 아동에 대한 연구내용을 포함하였다. 제4장과 제6장에서 제13장까지는 큰 틀은 유지한 채 최근 문헌들을 보강하였다. 제5장에서는 2002년 이후에 개발된 많은 검사도구들을 추가하였다. 제14장에서는 보완·대체 의사소통(AAC)과 그림교환 의사소통 프로그램(PECS)을 심도 있게 다루었으며, 최근 국내외에서 개발된 AAC 프로그램이나 앱 등을 소개하였다. 제15장에서 제17장까지는 본 개정판에서 다룬 다양한 장애 유형에 대한 진단보고서와 치료계획서 및 치료보고서의 예를 많이 추가하여 참고할 수 있도록 하였다.\n저자 소개\n저 : 김영태\n성균관대학교 가정대학 졸업\nUniversity of Florida 대학원 졸업(언어병리학 석사, 박사)\n전 대구대학교 언어치료학과 교수\n전 이화여자대학교 발달장애아동센터 소장\n전 한국언어청각임상학회 회장\n현 이화여자대학교 언어병리학과 교수\n\n〈주요 연구〉\n『교육 및 임상현장 적용을 위한 단일대상연구』(공저, 학지사, 2000)\n취학전 아동의 수용언어 및 표현언어척도(PRES) 개발 연구(2001)\n영유아 언어발달 선별검사(SELSI) 개발 연구(2002)\n우리말 조음·음운 평가(U-TAP) 개발 연구(2004)\n한국형 진단 프로토콜을 이용한 3∼5세 한국 아동의 초기읽기 발달 연구(2005)\n멀티미디어를 활용한 언어훈련 프로그램 개발 연구(2007)\n수용·표현 어휘력 검사(REVT) 개발 연구(2009)\n『의사소통장애의 이해』(2판, 공저, 학지사, 2010)\n언어환경 결핍요인 유형에 따른 아동의 어휘발달 특성 및 습득 책략 연구(2010)\nGT 5: 자폐범주성장애(ASD) in Ewha(공동연구, 2012)\n보완대체의사소통(AAC) 중재서비스 개발 연구(공동연구, 2012)\n휴머노이드 로봇 활용 의사소통 중재 접근법 모색 및 적용 연구(2012)\nBK21 플러스 미래형 언어치료 전문인력 양성 연구(2013)\n목차\n2판 서문\n1판 서문\n\n제1부 아동의 언어발달 및 언어장애 특성\n\n제1장 아동의 언어습득 및 발달\nI. 아동의 언어습득 이론\nII. 언어 및 의사소통 능력 발달\nIII. 대화 능력 발달\nIV. 이야기 능력 발달\nV. 읽기 능력 발달\n\n제2장 아동언어장애의 특성\nI. 언어영역별 장애유형의 특성\nII. 단순언어장애\nIII. 읽기장애\nIV. 언어장애를 동반하는 장애: 자폐범주성장애\nV. 언어장애를 동반하는 장애: 지적장애\nVI. 언어장애를 동반하는 장애: 청각장애\n\n\n제3장 언어장애 위험군 아동의 언어적 특성\nI. 언어결핍환경 아동의 언어적 특성\nII. 말늦은 아동 및 이중언어아동의 언어적 특성\n\n\n제2부 아동언어장애의 진단 및 평가\n\n제4장 평가의 절차 및 내용\nI. 평가 절차\nII. 평가 내용\nIII. 평가 방법\n\n제5장 검사도구를 통한 언어평가\nI. 한국의 검사도구\nII. 외국 문헌에 소개된 검사도구\n\n제6장 역동적-상호작용적 언어평가\nI. 역동적-상호작용적 언어평가의 이론적 근거\nII. 역동적-상호작용적 평가모델에 근거한 언어평가\nIII. ZPD에 근거한 역동적 언어평가\n\n제7장 음운발달 평가\nI. 음운분석의 이론적 근거\nII. 우리말의 음운오류 평가\nIII. 한국 일반아동 및 조음·음운장애아동의 음운변동 특성\n\n\n제3부 자발화 분석을 통한 언어진단 방법\n\n제8장 자발화 표본 수집 및 기록\nI. 자발화 표본의 수집\nII. 자발화 표본의 전사\n\n제9장 의미론적 분석\nI. 의미유형 및 의미관계\nII. 어휘다양도\n\n제10장 구문론적 분석\nI. 평균발화길이의 분석\nII. 문법형태소 및 구문유형의 분석\n\n제11장 화용론적 분석\nI. 화용론적 분석의 근거\nII. 화용론적 분석 방법\n\n\n제4부 언어장애 및 의사소통장애 치료\n\n제12장 언어치료 접근법\nI. 언어치료 접근법의 전반적인 고찰\nII. 기능적인 언어치료\n\n제13장 유아기의 놀이를 통한 언어치료\nI. 상징놀이와 언어행동의 발달\nII. 놀이를 통한 수용언어 증진 활동의 예\nIII. 놀이를 통한 표현언어 증진 활동의 예\n\n제14장 특정 언어치료 프로그램\nI. 스크립트 문맥을 이용한 언어치료\nII. 낱말찾기 훈련\nIII. 참조적 의사소통 능력을 위한 언어치료\nIV. 환경중심 언어중재 프로그램\nV. 보완·대체 의사소통\nVI. 그림교환 의사소통 프로그램(PECS)\nVII. 반다이크 언어이전기 의사소통 프로그램\n\n\n제5부 언어장애 진단보고서 및 치료계획서 작성 방법\n\n제15장 진단보고서 작성\nI. 진단보고서 작성 방법\nII. 언어진단보고서 사례\n\n제16장 장·단기 치료계획서 작성\nI. 장·단기 치료계획서 작성 방법\nII. 장·단기 치료계획서 사례\n\n제17장 치료보고서 작성\nI. 회기별 치료보고서의 작성 및 사례\nII. 진전보고서의 작성 및 사례\n\n\n참고문헌\n찾아보기\n배송 안내",
658be268786b2d65070b7369,사회성 이야기 158 /자폐증·아스퍼거 증후군 아동을 위한 (반양장),https://cdn.011st.com/11dims/resize/600x600/quality/75/11src/product/1480272535/B.jpg?42000000,,"20,000\n원","도서제목\n상품소개\n이 책에 담긴 사회성 이야기(social story)는 자폐증을 겪는 아이들이 상대방의 마음 읽기가 안 되기에 2인칭 문장이 아닌 1인칭과 3인칭의 문장을 사용하며, 아이들의 안전에 최우선을 두고 애매하지 않은 명확한 메시지를 전달한다. 또 제목을 붙여 도입, 본문, 결말을 구별하면서 내용이 반복되도록 하는 방식을 이용한다. 이 책은 1991년 캐롤 그레이(Carol Gray)라는 특수교사가 개발하여 자폐 스펙트럼 장애 아동의 교육에 널리 사용되고 있다. 20여 년의 역사를 가진 사회성 이야기는 10주년 기념판에서 158개의 사회성 이야기로 우리에게 찾아왔다. 비록 번역에 대한 전문적인 배움이나 지식은 없지만 이 책이 집에서 엄마의 목소리로 자폐증을 겪는 아이에게 읽힐 것을 상상하며 애정을 담아 작업했다. 글이 아니라 목소리로 읽혀서 말로써 서로의 마음에 전달될 때 더욱 힘을 발휘하고 살아나는 이야기들이 있다. 그렇게 수많은 종교의 경전이, 민담이 역사를 넘어 목소리를 통해 우리들의 마음속으로 전승되었다. 나는 이 사회성 이야기들도 그럴 만한 가치와 힘을 가졌다고 느꼈다.\n저자 소개\n저 : 저자 : 캐롤 그레이\n자폐 스펙트럼 장애(Autism Apectrum Disorder: ASD)를 가진 학생들을 20년 동안 교육한 경험을 가지고 있다. 캐롤은 1991년에 사회성 이야기를 사용하기 시작했고, 이와 관련된 수많은 논문과 책을 저술해 왔다. 그녀는 자폐 스펙트럼 장애를 가진 사람들을 돕는 비영리 단체인 사회성 학습과 이해를 위한 그레이 센터의 수장으로, 최근까지도 다양한 교육적·직업적 상황에서 학생들, 부모들, 그리고 전문가들과 함께 개별적으로 활동하고 있다. 매년 캐롤은 전 세계에서 많은 강연과 워크숍을 하고 있다. 그녀는 사회성 이해, 따돌림 방지 그리고 우정을 가르치는 주제들을 다룬다. 캐롤은 자폐 스펙트럼 장애를 가진 사람들의 교육에 국제적으로 기여한 것에 대한 바바라 리핀스키 상(Barbara Lipinski Award)을 포함하여 많은 상을 받았다.\n저 : 역자 : 이주현\n한림대학교 의과대학 및 동 대학원을 졸업하였다. 정신건강의학과 전문의이자 소아청소년 정신과 전문의다. 아산시 정신보건센터장과 알코올 상담센터장을 역임하였고, 서울대학교 소아정신과 임상강사로 재직하였다. 현재 아이나래 정신건강의학과 의원 원장이며, 멘토 소아청소년 연구소 원장이다. 또한 한국융연구원 전문과정 상임연구원이자 한국자폐학회 기획이사와 한림대학교 의과대학 정신건강의학과 외래 부교수를 맡고 있다. 주요 저·역서로는 『십대를 위한 9가지 트라우마 회복스킬』(학지사, 2015), 『별종, 괴짜 그리고 아스퍼거 증후군』(역, 학지사, 2009), 『정신건강을 위한 투쟁』(공역, 학지사, 2006)이 있다.\n목차\n역자 서문\n감사 인사: 사회성 이야기의 역사의 인물들\n서 론\n이 책을 이용하는 방법\n\n사회성 이야기 10.1 사용지침서\n\n사회성 이야기 10.1 사용지침서에 대한 소개\n첫 번째 기준: 하나의 목표\n두 번째 기준: 두 단계의 발견\n세 번째 기준: 세 가지 부분과 제목\n네 번째 기준: 구성방식\n다섯 번째 기준: 어투와 어휘를 정의하는 다섯 가지 요소\n여섯 번째 기준: 이야기의 전개를 이끄는 여섯 가지 질문\n일곱 번째 기준: 문장의 일곱 가지 형태\n여덟 번째 기준: 대단한 공식\n아홉 번째 기준: 아홉은 이야기를 내 것으로 만든다\n열 번째 기준: 편집과 실행에 이르는 열 가지 지침\n\n01 이야기로 배우기\n이야기 #1 나는 이 이야기들을 여러분을 위해 썼다\n이야기 #2 이야기로 배우기\n이야기 #3 이 책의 이야기들\n\n02 변 화\n이야기 #4 변 화\n이야기 #5 우리의 일상을 형성하는 변화들\n이야기 #6 변화에 관한 이론\n이야기 #7 변화에 관한 나의 이론\n이야기 #8 우리 주위를 둘러싼 탈바꿈: 나비\n이야기 #9 우리 주위를 둘러싼 탈바꿈: 개구리\n이야기 #10 우리 주위를 둘러싼 탈바꿈: 무당벌레\n이야기 #11 나도 탈바꿈을 한다\n\n03 실 수\n이야기 #12 실수란 무엇인가\n이야기 #13 토머스 에디슨과 실수\n이야기 #14 실수에 관한 설문조사\n이야기 #15 실수에 관한 설문조사 기록지\n이야기 #16 실수는 좋은 날에도 일어날 수 있다\n이야기 #17 실수는 좋은 날에도 일어날 수 있을까\n\n04 나와 나의 감정\n이야기 #18 내 이야기 앨범\n이야기 #19 아이들은 조금 천천히 자란다\n이야기 #20 나는 왜 새 옷이 필요한가\n이야기 #21 트레버의 팀에 속한 사람들\n이야기 #22 편안함이란 무엇인가\n이야기 #23 무엇이 내게 편안한가\n이야기 #24 행복함은 편안한 감정이다\n이야기 #25 웃음 찾기\n이야기 #26 웃어라! 왜?\n이야기 #27 불편함이란 무엇인가\n이야기 #28 내게 불편함이란 무엇인가\n이야기 #29 슬퍼도 괜찮지만 행복한 감정이 더 낫다\n이야기 #30 모두 자신감 요새를 가지고 있다\n이야기 #31 자신감 요새에 온 것을 환영합니다\n이야기 #32 사진 갤러리\n이야기 #33 미디어 방\n이야기 #34 스크랩북 방\n이야기 #35 체육관\n이야기 #36 내 팀에 있는 사람들\n이야기 #37 자신감 요새로 오세요\n이야기 #38 자신감 요새로 가는 단계\n\n05 축하와 선물\n이야기 #39 생일파티로의 초대\n이야기 #40 우리는 전체 가족모임에 간다\n이야기 #41 선물이란 무엇인가\n이야기 #42 선물은 왜 중요한가\n이야기 #43 사람들은 왜 선물을 포장할까\n이야기 #44 누군가에게 선물을 주는 방법\n이야기 #45 선물을 여는 방법\n이야기 #46 선물을 여는 것을 왜 기다려야 할까\n이야기 #47 포장된 선물 주위에서 차분하게 있는 법 배우기\n이야기 #48 어떤 선물은 실망스럽다\n이야기 #49 선물이 실망스러울 때 무슨 생각을 하고, 행동하며, 말해야 하는가\n\n06 인간관계 기술과 우정\n이야기 #50 인사하는 법\n이야기 #51 사람들은 왜 악수를 하는가\n이야기 #52 악수하는 방법\n이야기 #53 두 사람이 포옹하기\n이야기 #54 한 사람이 해 주는 포옹\n이야기 #55 내가 이야기를 들을 차례가 됐을 때\n이야기 #56 사람들이 칭찬하는 것에 감사하기\n이야기 #57 친절을 베푼 사람들에게 감사하기\n이야기 #58 남을 돕는 것 배우기\n이야기 #59 도움을 요청하지 않은 사람을 돕기\n이야기 #60 도움을 원하는 사람을 돕는 것이 가장 쉽다\n이야기 #61 도움을 원하지 않는 사람을 돕는 것은 어려울 수 있다\n이야기 #62 나눔이란 무엇인가\n이야기 #63 존경심이란 무엇인가\n이야기 #64 내가 생각하는 것을 예의 바르게 말하기\n이야기 #65 예의 바르게 다시 말하기\n이야기 #66 붐비는 사람들 사이를 지나갈 때 ‘실례합니다.’라고 말하기\n이야기 #67 껌 씹는 법 배우기\n이야기 #68 껍 씹는 데 중요한 세 가지 예절\n이야기 #69 껌을 다 씹고 해야 할 일\n이야기 #70 운이 따르는 게임\n이야기 #71 기술을 바탕으로 한 게임\n이야기 #72 게임에서는 졌지만 친구를 얻는 법\n이야기 #73 게임이 끝난 후에\n\n07 괴롭힘: 무엇을 생각하고, 말하며, 행동해야 하는가\n이야기 #74 괴롭힘에 대한 소개\n이야기 #75 괴롭힘이란 무엇인가\n이야기 #76 어떤 학생들이 남을 괴롭히려고 하는가\n이야기 #77 나의 팀\n이야기 #78 괴롭힘에 대응하는 것을 배우기\n이야기 #79 괴롭히려는 시도에 맞서 해야 할 생각\n이야기 #80 괴롭히려는 시도에 맞서 해야 할 말\n이야기 #81 괴롭히려는 시도에 맞서 해야 할 행동\n이야기 #82 괴롭히려는 시도에 맞서기 위해 나의 팀이 배운 것\n\n08 어른들을 이해하기\n이야기 #83 어른들은 계속 자라는 아이들이다\n이야기 #84 어른들을 존경하는 것 배우기\n이야기 #85 어른들은 모든 것을 알고 있을까\n이야기 #86 왜 엄마, 아빠는 아이를 키우는가\n이야기 #87 어른들은 큰 결정을 많이 내린다\n이야기 #88 재미없어도 해야만 한다\n이야기 #89 재미있지만 이제 그만해야 한다\n이야기 #90 허 락\n이야기 #91 많은 어른들은 ‘그래.’라고 말하길 좋아한다\n이야기 #92 ‘그래.’라고 말하는 세 가지 방법\n이야기 #93 ‘안 돼.’라고 말할 때: 아이들에게 희망을 주는 이야기\n\n09 집과 지역사회\n이야기 #94 새 집으로 이사하기\n이야기 #95 새 동네로 이사 가기\n이야기 #96 플레처 가족 중 누가 무엇을 알까\n이야기 #97 내 손 씻기\n이야기 #98 사람들이 목욕이나 샤워를 해야 하는 이유\n이야기 #99 샤워하는 10단계\n이야기 #100 샤워를 짧게 해서 욕실을 함께 이용하기\n이야기 #101 샤워를 더 빨리 끝내는 방법\n이야기 #102 지저분함에 관한 진실\n이야기 #103 집에서 예의 바르게 다시 말하기\n이야기 #104 보모는 무슨 일을 하는가\n이야기 #105 나의 보모는 나에 대해 안다\n이야기 #106 올라가는 에스컬레이터\n이야기 #107 푸드코트에서 먹기\n이야기 #108 이곳은 붐빈다\n\n10 학 교\n이야기 #109 오늘은 학교 가는 날인가\n이야기 #110 오늘 결석할까? 그래도 괜찮다\n이야기 #111 우리 선생님이 다른 곳에 계실 때\n이야기 #112 대리 선생님이 오시는 날\n이야기 #113 수업 시간표\n이야기 #114 우리의 수업 시간표에 관한 진실\n이야기 #115 학교에서의 지시사항에 대해 배우기\n이야기 #116 모두 선생님을 보고 들으라는 큰 노란색 표지판\n이야기 #117 이것은 나의 담임 선생님의 결정이다\n이야기 #118 줄 설 때 내 자리\n이야기 #119 학교에서 존경심에 대해 배우기\n이야기 #120 학교에서 존경심 사용하기\n이야기 #121 예의 바르게 선생님께 말하기\n이야기 #122 학교에서 예의 바르게 다시 말하기\n이야기 #123 내가 학교에서 예의 바르게 말할 때\n이야기 #124 연습이란 무엇인가\n이야기 #125 실수는 배우는 도중에 일어난다\n이야기 #126 대단하다\n이야기 #127 나의 선생님에게 문제에 대해 말하기\n이야기 #128 쓰기 상자를 만드는 법\n이야기 #129 사실인 이야기를 쓰는 방법\n이야기 #130 나의 활동을 마치는 괜찮은 방법들\n이야기 #131 모둠 과제를 위한 적절한 질문들\n이야기 #132 비상사태란\n이야기 #133 대피훈련은 무엇인가\n이야기 #134 교장 선생님이 대피훈련을 수업 시간표에 집어넣는 이유\n이야기 #135 학교에서의 화재 대피훈련\n이야기 #136 학교에 화재경보기가 있는 이유\n이야기 #137 태풍 대피훈련에 대해서\n\n11 지구 별\n이야기 #138 그것이 지구 별에서의 삶이다\n이야기 #139 지구 별을 나누어 쓰기\n이야기 #140 나는 비행기를 탈 것이다\n이야기 #141 승무원들은 누구인가\n이야기 #142 비행기에서 승객들은 누구인가\n이야기 #143 ‘검색대를 지나는 것’은 무슨 뜻인가\n이야기 #144 검색대를 지나는 데 필요한 지시사항\n이야기 #145 엄마, 아빠 그리고 공항 검색대\n이야기 #146 공항 직원이 말하고 뜻하는 것\n이야기 #147 이동식 탑승교의 줄은 때때로 느릴 수 있다\n이야기 #148 부모는 중요한 승객이다\n이야기 #149 아이들은 중요한 승객이다\n이야기 #150 비행기는 제시간에 떠나는가\n이야기 #151 왜 어떤 비행은 지연되는가\n이야기 #152 우리 집 옆에 산불이 났다\n이야기 #153 대피한다는 것은 무슨 뜻인가\n이야기 #154 우리가 왜 떠나야 하는가\n이야기 #155 사람들은 집 안에 있는 것을 더 좋아한다\n이야기 #156 저녁 뉴스\n이야기 #157 하루를 마칠 때\n이야기 #158 아마도 나는 그것을 할 수 있을 거야\n\n용어사전\n참고 자료\n배송 안내",
658be26c786b2d65070b736a,문화예술교육사를 위한 음악 교수ㆍ학습방법,https://cdn.011st.com/11dims/resize/600x600/quality/75/11src/pd/v2/7/2/5/2/8/4/WKeVs/6418725284_B.jpg,,"17,000\n원",,
658be270786b2d65070b736b,세상의 모든 신나는 놀이 369,https://cdn.011st.com/11dims/resize/600x600/quality/75/11src/pd/v2/8/4/6/4/7/0/Abvgq/3634846470_B.jpg,"25,000원","22,500\n원","◆ 책소개 ◆\n\n‘아이들이 신이 나서 달려오고 싶은 교실을 만들고 싶다.’ 이 질문으로 모인 8명의 선생님이 만든 ‘진짜 놀이’ 369가지! ‘아이들이 신이 나서 달려오고 싶은 교실을 만들고, 호기심에 가득찬 눈으로 나를 쳐다보게 하고 싶다. 어떻게 하면 되지? 어떻게 하면 할 수 있을까?’ 이 책은 이런 질문에서 시작되었다. 아이들을 더 행복하게 해주고 싶은 마음, 교실을 더 활기차게 하고 싶은 마음에서 가지게 된 질문. 그리고 그 방법으로 ‘진짜 놀이’밖에 없다는 결론을 내린 전국의 8명의 선생님들이 모여 〈신나는 세모놀이 연구회〉를 만들고 구체적 방법을 모색해나갔다. “진짜 놀이, 찐 놀이를 아주 제대로 해보자!”라는 구호를 외치며 2년여 동안 모이고, 토론하고, 현장으로 돌아가 아이들과 놀아보면서 다양하고 창의적인 놀이와 지도방법을 찾아나갔다. 그 결과로 그동안 모은 놀이방법에서 369가지를 정리하여 한 권의 책으로 묶었다. ‘재료는 쉽게’ ‘놀이법은 간단하게’ ‘사진으로 생생하게’ 이 세 가지를 중점으로 8개 주제 아래 369가지 놀이방법을 담아내다. 놀이활동을 하면서 가장 중요한 것을 담아내고자 이 세 가지에 중점을 두고 방법을 정해나갔다. 첫째, 주변에서 흔히 볼 수 있는 재료를 이용하여 쉽게 접근할 수 있도록 하자. 둘째, 놀이법은 간단하게 하되 선생님들이 응용해 다양하게 놀도록 하자. 셋째, 생생한 과정을 사진으로 잘 담아서 이해를 돕자. 8명의 선생님들이 가장 잘 할 수 있는 영역을 정하고, 다양한 놀이들을 찾아 아이들과 함께 직접 놀아보며 고른 놀이방법을 8개의 큰 주제 아래 369가지 정해 담아내게 되었다.\n\n\n◆ 목차 ◆\n\n* 이 책을 펴내며ㆍ4 * 두말하면 잔소리, 놀이의 중요성ㆍ14 * 짚고 가자, 아이들의 발달 단계ㆍ16 1장 자존감 쑥쑥, 나에게 집중 놀이 12가지ㆍ21 2장 기본기 튼튼, 안전·인성 놀이 48가지ㆍ37 3장 건강미 팡팡, 신체 놀이 48가지ㆍ91 4장 예술성 훨훨, 미술 놀이 48가지ㆍ143 5장 표현력 뿜뿜, 말·책 놀이 63가지ㆍ195 6장 상상력 톡톡, 창의 놀이 48가지ㆍ261 7장 전통미 솔솔, 전래 놀이 48가지ㆍ313 8장 호기심 퐁퐁, 월별·계절별 특별 놀이 54가지ㆍ365 * 참고문헌ㆍ369\n\n\n◆ 저자소개 ◆\n\n김지영\n저자 : 김지영 집중놀이, 말놀이/ 서울신남초등학교 김지영 선생님은 가톨릭대학교 교육대학원에서 독서교육을 전공한 독서교육전문가이자 어린이 인문서 작가에요. 선생님은 세상에 모든 어린이들이 신나게 뛰어놀아 건강한 땀을 흘리고, 좋은 책을 접하며 ‘평생 독자’로 성장하기를 소망합니다. 그래서 어린이들이 책을 쉽고 재미있게 읽어 이해하는 것은 물론 자신의 생각을 말과 글 등으로 자유롭게 표현해내기 위해 어떤 부분에 집중하고 도움을 주어야 할지 연구하며 다양한 방법으로 실천하고 있어요. 그동안 펴낸 책으로는 책 만들기 활동을 위한 ‘옛날옛적 이야기’와 ‘책 만들자 뚝딱!’ 시리즈 『한국의 옛이야기』, 『세계의 위인이야기』, 『세계 이야기여행』과 초등학생의 언어 실력 향상을 위한 교재 『비주얼씽킹 창의언어놀이』(전4권), 『코딱지탐정의 초등국어 대탐험』, 또 어린이의 눈높이에 맞게 세상을 열어주는 『직업을 알면 더 재미있는 위인이야기』, 『이야기로 떠나자 세계 한바퀴』 등이 있습니다. 저자 : 김윤정 특별놀이 / 서울상수초등학교 저자 : 이선희 전래놀이 / 전북여산초등학교 저자 : 이윤영 안전·인성놀이 / 서울원명초등학교 저자 : 이인숙 창의놀이 / 부산안민초등학교 저자 : 이회중 책놀이 / 세종다빛초등학교 저자 : 정재은 미술놀이 / 경기삼리초등학교 저자 : 조상진 신체놀이 / 서울해누리초등학교",
658be274786b2d65070b736c,놀이치료를 통한 부모 자녀 관계치료 /10세션 부모 자녀 놀이치료 모델,https://cdn.011st.com/11dims/resize/600x600/quality/75/11src/product/1114611568/B.jpg?77000000,,"22,000\n원","도서제목\n안내\n양장\n상품소개\n이 책은 부모에게 아동중심 놀이치료의 기본 목표와 기술을 가르치고, 부모-자녀 관계치료를 위한 10주간 훈련 내용 및 각 훈련 세션에 대한 수퍼비전과 피드백, 놀이치료 전문가로서 공부하는 이들을 위한 부모-자녀 관계치료에 대한 연구를 수록하고 있다. 아동과의 놀이치료 경험을 확장하고 놀이과정에서 보여주는 배려관계에서의 안전감을 통해 아동이 자신을 표현하도록 돕는 기본적인 태도와 기술에 대하여 전문적인 지식을 제공하는 책이다.\n저자 소개\n저 : 저자 : Garry L. Landreth\n전 세계적인 아동중심 놀이치료의 대가이며 노스텍사스대학교 석좌교수이다. 세계 각국과 미국 각 주를 다니면서 아동중심 놀이치료/부모-자녀 관계치료 특강을 하고 잇으며 1997년 한국을 방문하여 숙명여자대학교에서 부보-자녀 놀이치료 워크숍을 실시한 바 있다. 대표적인 저서로는 『Innovations in Play Therapy: Issues, Process, and Special Population』, 『Play Therapy Inventions with Children's Problems』를 공동 저술하였다.\n저 : 저자 : Sue C. Bratton\n노스텍사스대학교를 졸업하고 동대학교에서 놀이치료센터 소장을 맡고 있다. 열정적인 강의와 수퍼비전을 하고 있으며 매년 7월에 열리는 Summer Play Therapy Workshop을 주관하면서 미국 내와 유럽에서 특강을 하고 있다. 노스텍사스 대학교 놀이치료 센터는 전 세계에서 아동중심 놀이치료와 부모 - 자녀 관계치료 훈련을 배우려는 학생과 상담 및 치료 전문가들이 평생교육 훈련을 위하여 가장 많이 찾는 곳이기도 하다.\n저 : 역자 : 김양순\n제주대학교 농가정학과를 졸업하고 숙명여자대학교 대학원 가정관리학과를 졸업하였다. 미국 조지아대학교 대학원가정학과를 졸업하고 가정학과 연구교수로 재직했으며 동국대학교 대학원에서 가정학과 박사 학위를 취득하였다. 미국 노스텍사스대학교 놀이치료연구센터 연구교수를 역임하였고 현재 제주대학교 가정관리학과 교수, 한국놀이치료학회 부회장, 한국 상담학회 이사 등으로 활동 중이며 한국 가족/교정 1급 전문상담자이다. 저서로는 『자폐 아동을 위한 표현예술치료』,『한국전통 생활문화』,『일상 생활문화』등이 있다.\n목차\n역자 서문\n한국어판 저자 서문\n저자 서문\n\n제1장 부모-자녀 관계치료(CPRT)의 역사와 발달 및 목표 : 10세션 부모-자녀 놀이치료 모델\n제2장 CPRT의 독자적인 특징\n제3장 CPRT 부모-자녀 놀이치료 전문가를 위한 훈련과 슈퍼비전\n제4장 CPRT 진행을 촉진시키는 결정적 구성요소들\n제5장 CPRT에서 가르쳐야 할 기술과 개념 및 태도\n제6장 10세션 CPRT 훈련과정\n제7장 CPRT 훈련 세션 1 : 훈련목표와 반영적 반응\n제8장 CPRT 훈련 세션 2 : 놀이 세션의 기본 원칙\n제9장 CPRT 훈련 세션 3 : 부모-자녀 놀이 세션 기술과 진행과정\n제10장 CPRT 훈련 세션 4 : 슈퍼비전 형식과 제한 설정\n제11장 CPRT 훈련 세션 5 : 놀이 세션 기술 연습\n제12장 CPRT 훈련 세션 6 : 슈퍼비전과 선택권 주기\n제13장 CPRT 훈련 세션 7 : 수퍼비전과 자기존중감 형성 반응\n제14장 CPRT 훈련 세션 8 : 슈퍼비전과 격려해 주기 대 칭찬하기\n제15장 CPRT 훈련 세션 9 : 슈퍼비전과 일반화하기 기술\n제16장 CPRT 훈련 세션 10 : 평가 및 요약\n제17장 CPRT를 통한 데비의 여행 : 1주일,4년,13년 후\n제18장 부모와 자녀가 묻는 질문 및 CPRT 훈련의 문제점과 해결책\n제19장 CPRT 훈련에 대한 한 어머니의 관점 : 내 아이와 나 자신에 대하여 배우기\n제20장 다양한 CPRT 10세션 모델\n제21장 부모-자녀 관계치료(CPRT) 관련 연구 실적 : 10세션 부모-자녀 놀이치료 모델\n\n찾아보기\n배송 안내",
658be278786b2d65070b736d,ADHD와 사회성 기술들,https://cdn.011st.com/11dims/resize/600x600/quality/75/11src/product/1120631373/B.jpg?378000000,,"16,000\n원","도서제목\n상품소개\nADHD 개론서, ADHD 부모교육/가족 지원, ADHD 진단, 학교에서 ADHD 지도에 관한 책들이 많았고 ADHD 사회성 지도에 관한 책은 거의 찾기 힘들었다. ADHD를 가진 학생이 아무리 공부를 잘 하고 특기적성을 살려도 일반 사람들과 어울리지 못하고 사람들 사이에서 잘 살아가지 못한다면 무슨 의미가 있을까? 이러한 고민 끝에 ADHD를 가진 학생들의 사회성 지도에 관한 책을 번역하기로 결심하였고, 각고의 노력으로 이 책을 번역하여 세상에 내놓게 되었다.\n목차\n추천의 글/3\n서문/8\n저자의 글/20\n머리말/21\n역자 서문/28\n\nChapter 1\nADHD란 무엇인가?_37\nADHD를 가진 아동에 대한 일반적인 오해 44\nADHD의 역사는 있는가? 44\n\nChapter 2\nADHD를 가진 아동의 사회성 기술결핍_55\n인정한다－이 아이는 정말 성가시다! 57\n무엇 때문에 문제가 생기나? 61\nADHD를 가진 아동은 왜 긍정적 사회성 기술을 배우지 못하는가? 62\n부적절한 사회적 행동에 대한 몇 가지 사례 68\n학교 적응의 성공에 중요한 사회성 기술에 대한 교사평가 72\n사회성 기술문제를 가진 ADHD를 가진 아동의 사례 73\n자신의 행동에 대한 아동의 인식 74\n아동의 부적절한 사회적 행동에 대한 홈 스쿨 부모의 반응 75\n아동의 실제 행동 76\n타인의 사회적 단서에 대한 오해 78\n왕따가 된 아이들: 실화 81\n\nChapter 3\n사회성 기술: 리스트 및 해설_87\n사회성 기술이 좋고 나쁜 것이 아동에게 무슨 의미가 있는가? 89\nADHD를 가진 아동들이 배워야 하는 (그리고 교사들이 지도해야 하는) 사회성 기술들 90\n교사가 기대하는 ADHD를 가진 아동의 사회성 기술들 93\n자신을 조절하지 못하는 ADHD를 가진 아동의 실화 94\n교사가 학교 적응의 성공요소로 여기는 사회성 기술들 95\n부모는 자녀가 어떤 사회성 기술을 배우기를 원하는가? 96\n\nChapter 4\n교사들과 부모들은 ADHD를 가진 아동이 긍정적 사회성 기술을 배우도록 어떻게 도울 것인가?_97\n기반 마련하기 99\n협력 교수 106\n교사들을 위한 전략들 110\n부모들을 위한 기술들 115\n\nChapter 5\n나는 어디에서 시작할 것인가?_119\n아이를 보드로 데리고 가라 123\n방법들 124\n\nChapter 6\n사회성 기술들과 지도하는 방법_125\n사회성 기술 1: 눈 맞춤 유지하기 127\n사회성 기술 2: 비구어로 다른 사람들에게 인사하기 128\n사회성 기술 3: 구어로 다른 사람들에게 인사하기 130\n사회성 기술 4: 자기 소개하기 130\n사회성 기술 5: 대화 시작하기 133\n사회성 기술 6: 진행 중인 활동에 참여하기 137\n사회성 기술 7: 자발적으로 친구 돕기 142\n사회성 기술 8: 활동에 참여하도록 다른 사람 초대하기 144\n사회성 기술 9: 성인에게 도움 요청하기 147\n사회성 기술 10: 전화 받기 151\n사회성 기술 11: 타인의 소유물 사용 허락 구하기 154\n사회성 기술 12: 적절한 사람에게 사고를 보고하기 156\n사회성 기술 13: 부당할 수 있는 규칙에 대해 질문하기 157\n사회성 기술 14: 칭찬하기 158\n사회성 기술 15: 칭찬에 반응하기 164\n사회성 기술 16: 성인에게 감사할 일이 있을 때 감사하다고 말하기 165\n사회성 기술 17: 나와 다른 사람 받아들이기 168\n사회성 기술 18: 또래의 활동 제안 받아들이기 174\n사회성 기술 19: 또래와 협력하기 176\n사회성 기술 20: 합의로 타협에 도달하기 181\n사회성 기술 21: 괴롭힘에 적절하게 대응하기 192\n사회성 기술 22: 비판 잘 받아들이기 198\n사회성 기술 23: 성인과의 갈등 상황에서 성질 통제하기 201\n사회성 기술 24: 밀거나 쳤을 때 적절하게 대응하기 203\n사회성 기술 25: 또래와의 갈등에서 성질 통제하기 204\n사회성 기술 26: 누군가 성가시게 할 때 부정적인 행동 줄이기 206\n사회성 기술 27: 허락받고 물건 가져가기 209\n사회성 기술 28: 교육과정을 통해 사회성 기술 지도하기 211\n사회성 기술 29: 아동과의 대화를 통해 사회성 기술 지도하기 213\n사회성 기술 30: 교사 또는 부모가 지도할 때 조용히 앉아있기 217\n사회성 기술 31: 음식을 만들 때 머리 매기 220\n사회성 기술 32: 음식을 만들 때 머리 만지지 않기 220\n사회성 기술 33: 공손하기 또는 교사나 부모에게 필요한 물건을 건네주도록 공손하게 부탁하기 222\n사회성 기술 34: 지시 상황에서 교사나 부모를 방해하지 않고 듣기 225\n사회성 기술 35: 큰 소리로 트림하지 않기 229\n사회성 기술 36: 주의 산만한 행동을 보이지 않기 231\n사회성 기술 37: 다른 사람에게서 사회적으로 적절한 행동 배우기 231\n사회성 기술 38: 형제들과의 상호작용을 통해 사회성 기술 배우기 244\n사회성 기술 39: 짜증을 이용해 사회성 기술 배우기 246\n사회성 기술 40: 학업에서 좌절했을 때 사회성 기술 배우기 251\n사회성 기술 41: 학업에서 좌절했을 때 방을 떠나지 않고 계속 공부하기 255\n사회성 기술 42: 교사나 부모행동을 모델링하여 사회성 기술 배우기 259\n사회성 기술 43: 아동 또는 성인과 대화하기 261\n사회성 기술 44: 윗사람 존중하기 264\n사회성 기술 45: 교사나 부모가 내린 지시 따르기 268\n사회성 기술 46: 예의 바르게 행동하기 270\n사회성 기술 47: 책임감 갖기 271\n사회성 기술 48: 교사 또는 부모 코칭을 통해 상호작용 하기 276\n사회성 기술 49: 약속 지키기 281\n사회성 기술 50: 매일 사회성 기술 가르치기 286\n사회성 기술 51: 좋은 품성 가지기 288\n사회성 기술 52: 공공장소에서 적절하게 행동하기 291\n\nChapter 7\n기술발달을 지지하기_295\n긍정적 행동지원이란 무엇인가 297\n기능적 행동평가 299\n정보 모으기 300\n관찰 302\n얼마나 오래 관찰하는가? 303\n사회적으로 부적절한 행동에 대한 가설 만들어가기 303\n팀원들이 자신들에게 물어볼 질문들 304\n아동의 환경 수정 305\n\nChapter 8\n결 론_307\n해 설 312\n인용 자료들 315\n배송 안내",
658be27c786b2d65070b736e,언어장애 아동을 위한 감정표현 지도 프로그램 (스프링북),https://cdn.011st.com/11dims/resize/600x600/quality/75/11src/product/1115405858/B.jpg?840000000,,"25,000\n원","도서제목\n상품소개\n언어장애 아동을 위한 감정표현 프로그램은 감정동사의 의미 이해와 사용 기술이 부족하여 친사회적 행동을 형성하는 데 어려움이 있는 발달장애 아동들을 위해 개발하였다. 그리고 추상적인 어휘능력에 제한이 있는 지적장애, 청각장애, 언어학습장애 등을 동반한 아동에게도 유용하게 사용될 수 있다. 본 프로그램에서는 정서를 유발하는 여러 상황하에서 상대와 자신의 감정을 정확하게 이해하고 표현하는 기회를 통해 아동들이 자신과 타인의 감정에 대한 원인과 이유를 추론할 수 있게 구성하였다. 또한 이러한 논리적 사고는 그 속에서 일어나는 문제에 대한 긍정적이고 적극적인 태도를 가지는 데에 영향을 줄 것으로 기대된다.\n\n이 프로그램에서 지도하는 42개의 감정동사는 김은영(2004)의 감정동사 목록에 포함되어 있으면서 초등 저학년 교과에서 사용되는 어휘들이다. 각 감정동사 어휘는 아동들이 가정, 학교, 공공장소에서 흔히 마주하는 사건과 상황 속에서 익히도록 하여 최대한 실생활에서 자연스럽게 여러 감정을 느끼고 표현할 수 있도록 하였다. 이 프로그램은 '감정동사 어휘 이해 단계', '감정동사 어휘 산출 단계', '다양한 감정표현 산출 단계'로 구성되어 있다.\n목차\n걱정하다\n고맙다\n궁금하다\n귀엽다\n귀찮다\n기쁘다\n끔찍하다\n낯설다\n놀라다\n망설이다\n무섭다\n미안하다\n반갑다\n부끄럽다\n부럽다\n불쌍하다\n편하다\n불평하다\n사랑하다\n샘내(나)다\n섭섭하다\n속상하다\n시원하다\n신 나다\n실망하다\n심술부리다\n심심하다\n아깝다\n아름답다\n안심하다\n약 오르다\n얄밉다\n억울하다\n외롭다\n욕심내다(부리다)\n자랑하다\n재미있다\n즐겁다\n지겹다\n짜증 나다\n행복하다\n후회하다\n배송 안내",
658be281786b2d65070b736f,영어 읽기 학습부진 직접교수법,https://cdn.011st.com/11dims/resize/600x600/quality/75/11src/product/2461327024/B.jpg?275000000,,"19,000\n원","도서제목\n상품소개\n다양한 이유로 영어 읽기에 어려움을 겪고 있거나 앞으로 그럴 위험이 있는 학생들을 효과적으로 지도하는 방법을 구체적으로 제시하는 교재다. 발음 기초에서부터 낱글자 읽기, 단어 읽기, 문장 읽기, 문단 읽기, 어휘 그리고 독해 등에 대해 설명하여 영어 읽기 교육의 다양한 분야를 다루고 있다. 이 책은 대학이나 대학원에서 학습부진 및 학습장애 그리고 특수교육 대상 학생을 위한 효과적인 영어 읽기 교수법에 대해 배우고 가르치는 교육자와 학생들이 활용하면 유용할 것이다.\n저자 소개\n저 : 저자 : Douglas W. Carnine 외\nDouglas W. Carnine\n전 미국 오레곤 대학교 교수\n\nJerry Silbert\n직접교수법 확산 및 적용 책임자\n\nEdward J. Kame'nui\n미국 오레곤 대학교 교수\nSara G. Tarver\n미국 위스콘신 대학교 메디슨 캠퍼스 교수\n\nKathleen Jungjohann\n미국 오레곤 대학교 교수\n저 : 역자 : 이대식 李大植\n서울대학교 사범대학 교육학과를 졸업하고, 동 대학원 교육학과에서 교육방법 전공 석사학위를 취득했다. 미국 오레곤 대학교에서 특수교육학 박사학위를 받은 후 현재 경인교육대학교 교육학과 부교수(2000. 9~현재)로 재직 중이다. 주요 저서 및 역서로는 『학습장애아동의 이해와 교육』(2판, 공저, 학지사, 2009), 『통합교육의 이해와 실제』(공저, 학지사, 2006), 『모든 수준의 학생들을 위한 수업설계 및 교재 개발의 원리』(공역, 시그마프레스, 2005), 『정신지체』(공역, 시그마프레스, 2002) 등이 있다.\n목차\n제1부 기본원리\n읽기 부진 학생의 이해\n수업 자료: 효과적인 읽기 프로그램의 핵심적인 특징\n명시적이고 체계적인 수업 설계\n명시적이고 체계적인 수업 전달 기법\n\n제2부 수업\n음소와 음성 인식\n발음중심 수업 개관\n글자-소리 대응: 초기 읽기 단계\n글자-소리 대응: 초등 저학년 단계\n단어 읽기: 초기 읽기 단계\n초등 저학년 동안의 발음과 단어 공략\n읽기 유창성 개관\n초기 읽기 단계 동안의 문단 읽기\n이야기 읽기와 읽기 유창성 발달: 초등 저학년 단계\n어휘 수업 개관\n초기 읽기 단계 동안의 어휘 수업\n초등학교 저학년 동안의 어휘 수업\n독해 수업 개관\n초기 읽기 단계의 독해 수업\n초등 저학년 이후의 독해 수업\n\n제3부 읽기 수업을 위한 교실과 학교 조직하기\n개 관\n유치원에서의 교실 수업\n초등 1학년 교실 수업\n초등 2학년과 3학년 교실 수업\n\n부록 A 단어 목록\n부록 B 구어 선별 검사와 기록 용지 조직하기\n부록 C 초기 발음 평가\n부록 D 초등 발음 평가\n출판리뷰\n요즘처럼 영어 교육에 세인들의 관심이 높았던 적도 없었을 것이다. 가히 열풍이라고 할 만한 최근의 영어 교육에 대한 관심의 핵심은 유창하게 영어를 말하게 만드는 것이라고 흔히들 생각할 것이지만, 진정한 영어 능력이란 영어로 듣고 말하는 것뿐만 아니라 읽고 쓰는 능력까지를 포함한다.\n이 책에서는 다양한 이유로 현재 영어 읽기에 어려움을 겪고 있거나 앞으로 그럴 위험이 있는 학생들을 효과적으로 지도하는 방법을 구체적으로 제시하였다. 이 책에서 다루고 있는 영어 읽기 범위는 발음 기초에서부터 낱글자 읽기, 단어 읽기, 문장 읽기, 문단 읽기, 어휘 그리고 독해 등이다.\n이 책은 대학이나 대학원에서 학습부진 및 학습장애 그리고 특수교육 대상 학생을 위한 효과적인 영어 읽기 교수법에 대해 배우고 가르치는 교육자와 학생들이 활용하면 유용할 것이다. 또한 여기에 제시된 각 수업방법이 매우 구체적이기 때문에 학부모나 개인지도 역할을 담당하는 사람들에게도 유용할 것이다. 그리고 이 책의 주요 내용은 영어 읽기에 관한 것이지만, 기본적인 수업 원리나 평가방법, 어휘나 독해 지도법 등은 한글 읽기에도 그대로 적용할 수 있는 부분이 많다. 특히, 어휘와 독해 지도와 관련하여 제시된 수업방법은 영어와 한글 교육 모두에 적용할 수 있으며, 부진 학생뿐 아니라 일반 학생에게도 활용할 수 있을 것으로 기대한다.\n배송 안내",
658be285786b2d65070b7370,"DBT, 학교에 가다 /청소년 정서 문제 해결을 위한 DBT 기술 훈련(DBT STEPS-A)",https://cdn.011st.com/11dims/resize/600x600/quality/75/11src/product/4169620544/B.jpg?851000000,,"25,000\n원","도서제목\n상품소개\n학교 기반의 개입 전문가인 James와 DBT 전문가인 Elizabeth는 그들 각각이 가진 전문성을 활용하여 이 책에서 명확히 소개되고 있는 해결책을 개발하였다. 그들이 개발한 교과과정은 독특한 사회정서학습(Social Emotional Learning: SEL) 교육과정으로, 청소년들이 정서 조절 기술, 효과적인 대인관계 전략, 의사결정 기술을 배우고 키우도록 도와준다. 이 과정에서 가르치는 기술들은 고위험군 청소년(Mehlum et al., 2014; Miller, Rathus, & Linehan, 2007)과 성인(Linehan, 1993, 2015a)에게 효과가 있는 것으로 밝혀진 DBT 기술과 정확하게 동일한 DBT 기술들이다. DBT와 변증법적 관점과 일관되게, 저자들은 학교 환경에서 모든 청소년에게 DBT 기술을 확장·적용할 수 있는 독창적인 방법을 개발하였다. DBT STEPS-A 교육과정은 모든 청소년이 DBT 기술을 활용하고 정서 조절의 어려움을 줄일 수 있도록 돕는 훌륭한 예방적 접근이다.\n저자 소개\n저 : James J. Mazza\n워싱턴 주립 대학교 교육학 교수로 재직 중이며, 청소년들의 정신건강 분야 연구에 힘쓰며 학생들을 가르치고 있다. Mazza 박사는 여러 나라의 학교 관계자들에게 DBT STEPS-A의 실행, 다층지원체계 내의 정신건강 중재 방법 개발, 전인 교육을 위한 학교 시스템 역할의 일환인 사회정서학습 교육과정 통합에 대한 교육과 자문을 하고 있으며, 워싱턴주 시애틀 주재 Mazza Consulting and Psychological Services의 공동 대표이다.\n저 : Elizabeth T. Dexter-Mazza\nMazza Consulting and Psychological Services의 공동 대표로, 청소년과 성인들을 대상으로 종합적 DBT와 DBT 기술 기반 코칭을 제공하고 있으며, 정서 조절 장애를 가진 개인의 가족 및 친구들에게 부모 코칭 등 여러 가지 지원을 해 오고 있다. Dexter-Mazza 박사는 Marsha M. Linehan의 감독 아래 워싱턴 주립 대학교의 Behavioral Research and Therapy Clinic(BRTC)에서 박사 후 과정 수련을 마쳤으며, DBT, 경계선 성격장애, 자살 위기 관리에 대한 대학원 교육에 관한 여러 책과 논문을 낸 저자이다.\n저 : 알렉 밀러\n알렉 밀러(Alec L. Miller): 알버트 아인슈타인 의과 대학, 몬테피오레 병원의 임상 정신의학 및 행동과학 교수이자 아동 청소년 심리학과 과장이며 청소년 우울증과 자살 예방 프로그램의 디렉터이다. 웨스트체스터와 맨하탄에 있는 인지행동치료 자문 그룹의 공동 설립자이며, DBT와 청소년 자살, 아동 학대, 경계선 성격장애와 관련된 논문과 저서를 게재하였고, DBT를 배우고자 하는 수천 명의 정신건강 전문가들을 훈련시켰다. 미국 심리학회의 분과 12(임상심리학)와 53분과(임상 아동 및 청소년 심리)의 펠로우이다. 질 라수스와 마샤 리네한과 함께 『Dialectical Behavior Therapy with Suicidal Adolescents』의 공동 저자이다.\n저 : 질 라수스\n질 라수스(Jill H. Rathus): 롱 아일랜드대학 C.W. Post 캠퍼스의 심리학 교수이며, 다이어렉티컬 행동치료(Dialectical Behavior Therapy, DBT)의 scientist-practitioner 훈련 프로그램을 운영하고 있다. 뉴욕 그레이트넥에서 다이어렉티컬 행동치료와 인지행동치료(Cognitive Behavior Therapy, CBT)를 위한 치료 기관인 인지행동치료 전문가 그룹의 공동 디렉터이며 알렉 밀러와 마샤 리네한과 함께 『Dialectical Behavior Therapy with Suicidal Adolescents』의 공동 저자이기도 하다. 관심 연구 주제는 DBT, CBT, 청소년 자살, 결혼으로 인한 고통, 연인 간의 폭력, 불안장애, 심리평가를 포함하며 이 분야에서 수많은 연구 논문과 저서를 출간하였다. 질 라수스는 심리학 관련 연구 논문들의 검토자이고 치료 프로그램 개발에 대한 자문을 하고 있으며 해외 정신건강 전문가들을 훈련하고 있다.\n저 : Heather E. Murphy\n워싱턴주 시애틀에서 자해 및 자살 행동을 보이는 청소년들을 대상으로 하는 개인 상담소를 운영하고 있으며, 워싱턴 주립 대학교에서 객원교수로 재직 중이다.\n역 : 조윤화\n윌로우심리상담센터 소장으로 일하고 있다. 서울대학교 심리학과를 졸업하고 미국 인디애나 대학교에서 석사 및 박사(상담심리) 학위를 받았고, 일리노이 주립 대학교 박사과정 인턴을 수료하였다. 버몬트 주립 대학교 상담센터 교육팀장, 용문상담심리대학원대학교 조교수, 마음사랑인지 행동치료센터 책임상담원, 이화여자대학교 심리학과 연구교수로 재직하였다.\n역 : 김기환\n서울대학교 대학원에서 임상 및 상담 심리학 전공으로 석사 및 박사 학위를 받았다. 덕성여자대학교 학생상담센터 전임상담원, 서울대학교 대학생활문화원 위기상담팀장, 한국임상심리학회 홍보 및 정보이사, 마음사랑인지행동치료센터 부소장 등을 역임하였다. 현재 심리상담연구소 ‘사람과 사람’의 소장 및 서울디지털대학교 상담심리학과 교수로 재직하고 있다.\n역 : 권승희\n현재 윌로우심리상담센터 부소장, 유앤미심리상담연구소 부소장으로 일하고 있다. 고려대학교심리학과를 졸업하고 미국 인디애나 대학교에서 상담 전공으로 석사 및 박사 학위를 받았다. 미국 남가주 대학교에서 1년간 인턴 과정을 수료한 후, 일리노이 주립 대학교, 샌프란시스코 주립대학교 등에서 상담심리학자로 근무하였다.\n역 : 최현정\n임상심리학자로 현재 충북대학교 심리학과 교수로 재직 중이며, 트라우마 생존자를 지원하는 트라우마치유센터 사람마음의 초대 이사장이다. 서울대학교 심리학과를 졸업하고 동 대학원에서 석사 및 박사 학위를 받았으며, 서울대학교병원 정신건강의학과에서 임상심리전문가 수련을 마쳤다.\n목차\n역자 서문\n추천의 글\n시작하는 글\n\n제1부 DBT STEPS-A 개관\n\n제1장 DBT STEPS-A 소개\nDBT STEPS-A에 오신 것을 환영합니다\n책의 구성\n청소년을 위한 사회정서학습 교육과정의 필요성\n기존 사회정서학습 교육과정\n왜 DBT STEPS-A인가\nDBT STEPS-A 교육과정 개관: 기술 모듈과 세부 기술\n결론\n\n제2장 학교 현장의 실질적 사안들\n시행 방법\n교육 일정\n교육과정 목표\n학급 규모와 수업 구성 방식\nDBT STEPS-A 교사의 자질과 연수\n단원 구조\n학생들을 위한 수업 자료\n행정 사안들\nDBT STEPS-A 기술 수업을 위한 특별 규칙\nDBT STEPS-A 교사가 다루어야 할 특별 사안들\n\n제3장 힘든 학생들을 위한 DBT STEPS-A\n중재반응모델\n특수교육의 3단계 지원 이후\n다층지원체계 안에서의 DBT STEPS-A\n일반교육 2~3단계 학생들을 위한 전략\n학교기반 정신건강의 1~3단계 서비스\n학교가 제공할 수 없는 DBT 서비스\n\n제2부 학습 지도안과 시험\n\n1단원 DBT STEPS-A 과정 안내\n2단원 변증법\n3단원 마음챙김: 지혜로운 마음\n4단원 마음챙김: ‘무엇을’ 기술\n5단원 마음챙김: ‘어떻게’ 기술\n6단원 고통 감싸기: 위기 생존 기술 소개와 달라진 활기비밀\n7단원 고통 감싸기: 자기위안과 신기한 쉼의 상자\n8단원 고통 감싸기: 극단적인 감정을 다루기 위한 신체 안정-냉동복식 기술\n9단원 고통 감싸기: 장단점 찾기\n10단원 고통 감싸기: 현실 수용 기술 소개와 온전한 수용\n11단원 고통 감싸기: 마음 돌리기와 기꺼이 마음\n12단원 고통 감싸기: 지금 생각챙김(그리고 고통 감싸기 시험)\n13단원 마음챙김: 지혜로운 마음\n14단원 마음챙김: ‘무엇을’ 기술과 ‘어떻게’ 기술\n15단원 정서 조절: 정서 조절의 목표와 정서의 기능\n16단원 정서 조절: 정서 기술하기\n17단원 정서 조절: 팩트 체크와 반대로 행동하기\n18단원 정서 조절: 문제 해결\n19단원 정서 조절: 자긍 연습 안아파수식-‘긍’\n20단원 정서 조절: 자긍 연습 안아파수식-나머지 기술\n21단원 정서 조절: 파도타기 기술-지금 감정챙김\n22단원 정서 조절: 정서 조절 시험\n23단원 마음챙김: 지혜로운 마음 복습\n24단원 마음챙김: ‘무엇을’ 기술과 ‘어떻게’ 기술 복습\n25단원 효과적인 대인관계: 목표와 개요\n26단원 효과적인 대인관계: 기표주보 집단협상 기술\n27단원 효과적인 대인관계: 친심원해 기술\n28단원 효과적인 대인관계: 금가진자 기술\n29단원 효과적인 대인관계: 요청과 거절의 강도를 정하기 위한 조건 따져 보기\n30단원 효과적인 대인관계 시험\n고통 감싸기 시험\n고통 감싸기 시험 해설\n정서 조절 시험\n정서 조절 시험 해설\n효과적인 대인관계 시험\n효과적인 대인관계 시험 해설\n\n제3부 학생 유인물\n\n참고문헌\n출판리뷰\n삶을 향상시키는 전략,\nDBT STEPS-A에 오신 것을 환영합니다!\n\nDBT 기술은 1993년에 처음 책으로 발표되었다. DBT 기술들은 원래 일상 기능과 효과적인 정서 조절이 힘든 복합적인 장애를 가진 자살 고위험군을 위해 개발되었다. 수년간 이 기술들은 성인을 대상으로 널리 활용되었으며, 이후에는 유사한 종류의 어려움을 겪고 있는 청소년들을 대상으로 활용되었다. DBT 기술이 모든 사람에게 유용하다는 생각이 자리 잡기까지 오랜 시간이 걸렸다. 정서 조절 및 일반적인 기능에 어려움을 겪는 환자의 친구와 가족을 위해, 그리고 이와 같은 어려움을 겪는 아동의 부모들을 위해 DBT 기술 훈련을 진행하기 시작했을 때, DBT 기술이 넓은 범위에 적용 가능하다는 사실을 알게 되었다. 이후에 기업들도 DBT 기술에 관심을 갖고 있다는 사실을 알게 되었고, 학부모들도 학교에서 DBT 기술을 가르치기를 바란다는 것 또한 알게 되었다. 요약하자면, 비록 오랜 시간이 걸렸지만 DBT 기술이 일반 대중에게 도움이 된다는 것이 점차 분명해졌다. 하지만 동시에 중요한 문제가 생겼다. 바로 ‘이 기술들을 어떻게 대중에게 가르칠 것인가?’였다. 어른들에게 이 기술을 가르치는 것은 어렵지 않았다. 훈련 기회를 만들면 어른들은 많이 참여했다. 심리적 어려움을 겪고 있는 청소년 또한 참여가 어렵지는 않았다. 우리 프로그램을 알게 되면, 그들 또한 잘 찾아와 주었다. 많은 부모와 학생이 본인들의 학교에서도 그 기술을 배우고 싶다고 말했다. 하지만 정서적으로 어려움을 겪지 않는 아이들과 어려움을 겪고 있는 아이들을 동시에 참여하게 할지 말지 결정하는 것은 쉽지 않은 일이었고 해결하기 위해 노력해 온 문제이다.\n\n학교 기반의 개입 전문가인 James와 DBT 전문가인 Elizabeth는 그들 각각이 가진 전문성을 활용하여 이 책에서 명확히 소개되고 있는 해결책을 개발하였다. 그들이 개발한 교과과정은 독특한 사회정서학습(Social Emotional Learning: SEL) 교육과정으로, 청소년들이 정서 조절 기술, 효과적인 대인관계 전략, 의사결정 기술을 배우고 키우도록 도와준다. 이 과정에서 가르치는 기술들은 고위험군 청소년(Mehlum et al., 2014; Miller, Rathus, & Linehan, 2007)과 성인(Linehan, 1993, 2015a)에게 효과가 있는 것으로 밝혀진 DBT 기술과 정확하게 동일한 DBT 기술들이다. DBT와 변증법적 관점과 일관되게, 저자들은 학교 환경에서 모든 청소년에게 DBT 기술을 확장·적용할 수 있는 독창적인 방법을 개발하였다. DBT STEPS-A 교육과정은 모든 청소년이 DBT 기술을 활용하고 정서 조절의 어려움을 줄일 수 있도록 돕는 훌륭한 예방적 접근이다.\n\nDBT STEPS-A 개발의 주된 목표 중 하나는 청소년들이 효과적인 행동 전략 또는 ‘삶을 향상시키는’ 전략을 개발하는 것이었다. 우리가 ‘삶을 향상시키는’이라는 용어를 사용하는 이유는 이 과정이 가르치는 기술을 적시에 적절한 방법으로 사용할 경우, 단순히 현재의 문제 해결을 넘어 학생 개인에게 중대한 영향을 미칠 수 있기 때문이다. 청소년들은 학교에 계속 다니고, 대학에 진학하고, 연애관계를 잘 살피고, 좋은 직장을 유지하는 것 같은, 앞으로 다가올 삶의 중요한 문제들을 이 기술을 이용하여 해결할 수 있을 것이다. DBT STEPS-A는 청소년들이 삶에서 중대한 결과를 가져오는 의사결정을 하기 전에 이 기술들을 배우고 익힐 수 있게 돕는다. 우리는 DBT STEPS-A가 청소년들에게 힘든 감정적 상황들을 잘 관리하고, 어려운 상황에서 더 나은 의사결정을 내릴 수 있는 도구와 전략을 제공할 수 있기를 바란다.\n\n번역은 최대한 영어 원문에 충실하였지만, 한국어로 읽는 독자들을 고려하여 세 가지 변화를 주었다.\n\n첫째, 학습 지도안에 나오는 사례의 주인공 이름을 한국식 이름으로 바꾸었다.\n\n둘째, 미국 문화에 익숙하지 않으면 하기 힘든 수업 활동을 우리나라 청소년들이 쉽게 할 수 있는 활동으로 바꾸었다. 20단원의 마음챙김 연습을 예로 들면, 원서에는 미국 야구장의 ‘국민 응원가’인 〈Take Me Out to the Ball Game〉을 부르게 되어 있는데, 이 노래를 우리나라 청소년 대부분이 쉽게 부를 수 있는 〈솜사탕〉으로 바꾸었다.\n\n셋째, 약자로 만들어진 기술 이름을 외우기 쉽도록 한국어 약자로 바꾸었다(예: 효과적인 대인관계 기술 이름 ‘DEAR MAN’을 ‘기표주보 집단협상’으로 번역함). 영어로 된 기술 이름을 그대로 쓸 경우, 각 알파벳이 뜻하는 기술 이름도 영어로 외워야 하는 점이 기술 습득에 장해물이 될 수 있다고 판단하여 2017년에 조윤화, 최현정, 권승희, 조이수현이 함께 한글 기술 이름을 지었고, 이때 만든 기술 이름을 이 책의 번역 시 대부분 사용했다.\n카드뉴스로 보는 책\n배송 안내",
658be28a786b2d65070b7371,ADHD 학생의 이해와 지도,https://cdn.011st.com/11dims/resize/600x600/quality/75/11src/product/1147681787/B.jpg?48000000,,"18,000\n원","도서제목\n상품소개\nADHD 학생의 이해와 지도를 다룬 이론서입니다. ADHD 학생의 이해와 지도의 기초적이고 전반적인 내용을 학습할 수 있도록 구성했습니다.\n목차\n역자 서문\n저자 서문\nChapter 1 개관\n1. ADHD라는 것은 없다?\n2. ADHD, 별거 아니다?\n3. 그동안 ADHD는 어디에 있었나?\n4. 정말로 하려고만 한다면 할 수 있을 것이다?\n5. 반드시 그런 것은 아니다\n\nChapter 2 ADHD란 무엇인가\n1. ADHD 아동의 일반적 특징\n2. ADHD 진단 기준\n3. ADHD와 관련 장애\n4. ADHD 이론\n5. ADHD 유발 가능 요인\n\nChapter 3 ADHD의 평가\n1. 면담\n2. 평정척도\n3. 직접 관찰\n4. 기록 검토\n5. 학업적 검사\n6. 의학적 검사\n7. 위험신호 평가\n\nChapter 4 학교에서의 ADHD\n1. ADHD 학생을 위한 법률: 장애인교육법과 재활법 504조\n2. IDEA의 분류\n3. 배치\n\nChapter 5 학교기반 ADHE 치료\n1. 중다양식 치료 모델\n2. 실행 모델\n3. 대체 치료\n\nChapter 6 부모와의 협력\n1. 가정 스트레스 요인\n2. 부모를 위한 정보 출처\n3. 부모 참여 격려하기\n4. 가정-학교 활동\n\nChapter 7 약물치료\n1. 교사는 약물치료를 통해 무엇을 기대할 수 있는가\n2. ADHD에 사용하는 약물\n3. 약물치료에서 교사의 역할\n4. 약물치료 시작하기\n5. 부모와 약물치료\n6. 약물치료에서 문화적 요인\n\nChapter 8 기능적 행동 평가\n1. 기능적 행동 평가의 개요\n2. 기능적 행동 평가의 과정\n3. 기능적 행동 평가의 실용적 활용\n\nChapter 9 행동 관리\n1. 행동 관리\n2. 교실 구성하기\n3. 학급 관리\n4. 중재\n\nChapter 10 학업과 ADHD\n1. 핵심 문제 영역\n2. ADHD 학생을 위한 효과적인 수업\n3. 수업 조정\n4. 또래 교수\n\nChapter 11 자기 조절 전략\n1. 자기 조절 전략의 논거\n2. 자기 점검\n3. 자기 관리\n4. 목표 설정\n5. 자기 강화\n6. 자기 교습\n7. 주의할 점과 한계점\n\nChapter 12 생존 기술\n1. ADHD 학생의 사회적 문제\n2. 조직화 기술\n\n참고문헌\n찾아보기\n배송 안내",
658be28e786b2d65070b7372,PBL로 수업하기,https://cdn.011st.com/11dims/resize/600x600/quality/75/11src/pd/v2/6/8/2/4/9/3/bGfqh/1346682493_B.jpg,,"16,000\n원","도서제목\n상품소개\n제2판에서는 그동안 이 책을 활용해 수업을 설계하고, 많은 교수자들과 경험을 공유하면서 얻은 보다 다양한 팁과 사례를 소개하고 있다. 책의 구성은 제1판의 틀을 그대로 유지하면서 문제개발을 위한 다양한 전략과 사례를 보완하고, 수업설계와 운영을 위한 팁과 사례, 교수학습과정안 사례 등을 보완하였다.\n저자 소개\n저 : 저 자 소 개\n최정임\n\n서울대학교 지리교육과(학사), 서울대학교 대학원 교육학과 교육공학전공(석사), 미국 플로리다 주립대학교 대학원 교육공학전공(박사)로 한국교육개발원 연구원, 서울대학교 교육연구소 특별연구원 역임을 했다가 현재는 가톨릭관동대학교 교직과 교수로 재직중이다.\n\n저서 및 역서로 교육방법의 교육공학적 이해(5판, 공저, 교육과학사, 2015), 교육공학의 원리와 적용(공저, 교육과학사, 2012), 교육 프로그램 개발 방법론(공저, 학지사, 2005), 교수모형(공역, 아카데미 익스프레스, 2005), 인적자원 개발을 위한 요구분석 실천 가이드(학지사, 2002), 효과적인 의사소통을 위한 기술(공역, 커뮤니케이션 북스, 1999) 등이 있다.\n\n장경원\n\n홍익대학교 교육학과(학사), 서울대학교 대학원 교육학과 교육공학전공(석사), 서울대학교 대학원 교육학과 교육공학전공(박사)으로 경희대학교 교수학습센터 교수 역임을 했다가 현재는 경기대학교 인문대학 교직학과 교수로 재직중이다.\n\n저서 및 논문으로는 액션러닝으로 수업하기(2판, 공저, 학지사, 2014), 대학교수 13인의 명강의(공저, 학지사, 2014), 교육공학의 원리와 적용(공저, 교육과학사, 2012), 대학 수업을 위한 ‘팀 기반 개별 문제해결학습’에 대한 연구(2015), 강점 탐구 이론 기반 학교 변화 사례 연구(2015)가 있다.\n목차\n2판 머리말\n머리말\n\nPART 1 PBL 이해하기\n\n제1장 PBL이란 무엇인가\n1. PBL의 개념 및 배경\n2. PBL의 특징\n3. PBL의 절차\n4. 교수자와 학습자의 역할\n\n제2장 PBL의 유용성\n1. PBL의 효과\n2. PBL과 관련된 논쟁\n\nPART 2 PBL 준비하기\n\n제3장 수업계획 수립하기\n1. 학습목표\n2. 강좌의 특성\n3. 수업계획서 작성\n\n제4장 문제 개발하기\n1. 문제의 중요성\n2. PBL 문제의 특성\n3. PBL 문제 사례\n4. PBL 문제 개발 절차\n\n제5장 PBL 수업 준비하기\n1. 그룹 조직\n2. 수업자료 준비\n3. 학습환경 준비\n\nPART 3 PBL 수업하기\n\n제6장 PBL 준비시키기\n1. PBL 소개하기\n2. PBL 연습시키기\n3. 아이스 브레이킹\n\n제7장 PBL 실행하기\n1. 문제 제시\n2. 문제 확인\n3. 문제해결을 위한 자료수집\n4. 문제 재확인 및 문제해결안 도출\n5. 문제해결안 발표\n6. 학습결과 정리 및 평가\n\n제8장 PBL 활동 촉진하기\n1. PBL 튜터 활동의 기본 원칙\n2. PBL에서 튜터의 역할\n\n제9장 온라인 공간 활용하기\n1. 온라인 학습환경의 주요 특성\n2. 블렌디드 PBL\n3. 온라인 PBL\n\nPART 4 PBL 평가하기\n\n제10장 PBL에서 학습자 평가하기\n1. PBL 평가의 이해\n2. PBL 평가 설계\n3. PBL 평가방법\n\n제11장 PBL 수업 평가하기\n1. 학습자용 PBL 수업 평가\n2. 교수자용 PBL 수업 평가\n\n제12장 PBL 수업 포트폴리오 작성하기\n1. PBL 수업 포트폴리오의 목적과 활용\n2. PBL 수업 포트폴리오 작성\n3. PBL 수업 포트폴리오 작성 사례\n\n부록\n참고문헌\n찾아보기\n출판리뷰\n최근 학교 교육에서는 전문 지식의 획득뿐만 아니라 창의력, 고차적 사고력, 문제해결력과 같은 21세기에 요구되는 새로운 역량을 기르기 위해 노력하고 있다. 이러한 변화는 교수자 중심의 수업에서 학습자 중심의 수업으로 교육의 패러다임 변화를 초래하였고, 문제중심학습(Problem-Based Learing: PBL)은 학습자 중심의 수업 방법으로서 많은 관심을 받았다. PBL은 문제해결능력을 육성하기 위해 교수자가 학교 환경에서 교육목표에 맞는 최적의 문제해결 맥락을 제공한다.\n\n제2판에서는 그동안 이 책을 활용해 수업을 설계하고, 많은 교수자들과 경험을 공유하면서 얻은 보다 다양한 팁과 사례를 소개하고 있다. 책의 구성은 제1판의 틀을 그대로 유지하면서 문제개발을 위한 다양한 전략과 사례를 보완하고, 수업설계와 운영을 위한 팁과 사례, 교수학습과정안 사례 등을 보완하였다.\n\n이 책은 ‘제1부 PBL 이해하기’ ‘제2부 PBL 준비하기’ ‘제3부 PBL 수업하기’ ‘제4부 PBL 평가하기’의 총 4부로 구성되어 있으며, 단순한 이론서가 아니라 저자들과 많은 교수들의 경험을 바탕으로 작성된 것이다. 따라서 이 책은 교육현장에서 PBL을 적용하여 수업을 개선하고자 하는 모든 영역의 교수와 학습자들에게 도움이 될 것이다.\n배송 안내",
658be292786b2d65070b7373,정신분석의 이론들 /발달정신병리학적 관점,https://cdn.011st.com/11dims/resize/600x600/quality/75/11src/product/1114380906/B.jpg?555000000,,"32,000\n원",도서제목\n상품소개\n『정신 분석의 이론들: 발달정신병리학적 관점』은 정신분석 이론들의 진화과정을 추적하고 정신분석 이론이 발달정신병리학에 기여한 현격한 공헌들을 조망한 책이다. 정신분석의 다양한 이론들의 핵심에 놓인 발달적인 요소들을 부각시키며 인접 학문들에서 수집된 관찰 및 데이터들과의 연계성 속에서 정신분석이론들이 상정하고 있는 가정들을 재검토한다.\n목차\n시리즈 서문\n\n1장 본서와 기본 정신분석 모델에 대한 소개\n2장 프로이트\n3장 구조적 접근\n4장 구조 모델의 수정과 발달\n5장 대상관계 이론 입문\n6장 클라인-비온 모델\n7장 영국 정신분석 ‘독립’학파\n8장 북미의 대상관계 이론가들\n9장 대인관계적-관계적 접근:설리번에서 미첼까지\n10장 보울비의 애착 이론 모델\n11장 도식 이론과 정신분석\n12장 포나기와 타제의 정신화 모델\n13장 정신분석 이론의 실제에 대하여\n14장 결론과 미래의 방향\n\n역자 후기\n참고문헌\n배송 안내,
658be296786b2d65070b7374,청소년인성교육,https://cdn.011st.com/11dims/resize/600x600/quality/75/11src/product/4187105260/B.jpg?612000000,,"16,400\n원","도서제목\n안내\n도서+워크북\n상품소개\n최근 인성교육진흥법이 제정되고 다양한 프로그램들도 쏟아지고 있다. 다만, 인성교육이 어떠해야 하는지에 대해서는 이론마다 학자마다 다양한 접근 방식을제시하고 있다. 지금은 각기 다른 방식으로 제시되는 여러 가지 분류체계와 개념들을 어떻게 정돈하고 적용해야 할지에 대한 고민이 필요한 상황이다. 이에 저자들은 인성교육에 대해 통합적·긍정적 관점에서 접근하고자 하였다. 따라서 이 책에서는 긍정심리학의 성격 강점을 바탕으로 개인발달, 대인관계 발달, 학업발달, 진로발달과 함께 인성교육에 대한 통합적 접근을 취하고 있다.\n\n이 책의 또 다른 특징은 성격 강점을 다룬 각 장마다 해당 강점을 증진할 수 있는 구체적인 활동 프로그램을 제시하고 있다는 점이다. 각 장은 먼저 해당 인성덕목의 필요성을 제시하고 개념 정의와 해당 덕목의 발달과 관련된 이론 정리 뒤에 활동 프로그램을 배치하여 구성하였다.\n목차\n제1부 인성교육에 대한 이해\n\n제1장 인성교육의 개념\n\n제2장 인성교육과 통합적 발달\n\n제2부 개인발달\n\n제3장 자아존중감\n\n제4장 정서조절\n\n제5장 적응유연성\n\n제6장 자기초월\n\n제3부 대인관계 발달\n\n제7장 겸손과 용감성\n\n제8장 이타성과 공감\n\n제9장 사랑과 용서\n\n제10장 리더십과 공정성\n\n제4부 학업발달\n\n제11장 자기효능감\n\n제12장 자기통제\n\n제13장 창의성\n\n제5부 진로발달\n\n제14장 정체감\n\n제15장 합리적 의사결정능력\n\n제16장 희망\n배송 안내",
658be29a786b2d65070b7375,수어가 꽃피는 행복한 학교 초급,https://cdn.011st.com/11dims/resize/600x600/quality/75/11src/pd/v2/1/5/9/7/8/1/lwvxK/1466159781_B.jpg,,"17,000\n원","도서제목\n상품소개\n『수어가 꽃피는 행복한 학교(초급)』은 수화를 보다 쉽게 배울 수 있게 한 책이다. 농인에 대한 에티켓, 통역자를 위한 십계명을 비롯하여 수화통역을 위한 내용들을 수록하고 있다.\n목차\n'수어가 꽃피는 행복한 학교'를 발간하며\n여는 글\n일러두기\n농인에 대한 에티켓\n통역자를 위한 십계명\n들어가기\n\n1강 의사소통\n2강 새로운 시작\n3강 학점관리\n4강 삼시세끼\n5강 장애의 이해\n6강 학교 생활\n7강 시설이용\n8강 낭만 캠퍼스\n9강 마음읽기\n10강 독립하기\n11강 세상 속으로\n12강 자기관리\n13강 진로결정\n\n부록\n배송 안내",
658be29e786b2d65070b7376,질적연구방법론,https://cdn.011st.com/11dims/resize/600x600/quality/75/11src/pd/v2/1/4/9/3/5/3/jKJeI/6456149353_B.jpg,,"20,000\n원",,
658be2a3786b2d65070b7377,한국교육정책 논평,https://cdn.011st.com/11dims/resize/600x600/quality/75/11src/pd/v2/0/3/3/7/9/1/igKiH/4083033791_B.jpg,,"20,000\n원","도서제목\n상품소개\n앞으로도 한국교육정책은 끊임없이 변해 갈 수밖에 없다. 한국교육정책은 살아있는 유기체임이 분명하다. 이렇듯 변화하는 한국교육정책 맥락에서 교육학자가 수행해야 할 소임 중 하나는 교육현상과 교육정책의 분석 및 이론 형성을 통해서, 교육정책의 이치(理致)를 세상에 밝히는 일이다. 이러한 견지에서 필자는 약 20년 동안 교육부 관료로서 교육정책 개발 및 집행 경험, 그리고 대학에서 10년간의 교육정책과 행정에 대한 연구 및 교수경험을 바탕으로 『한국교육정책 논평』을 집필하였다. 본 저서에서 필자가 분석한 교육정책의 쟁점과 제시한 대안은 단순히 개인적 경험과 학술적 관점에 의해서 제시된 것이다. 따라서 본 저서에 기술된 필자의 주장에 대해 동의하지 못하고 상반된 견해와 대안이 제기되는 것은 당연히 있을 수밖에 없다. 교육정책 실제와 쟁점을 바탕으로 다양하고 폭넓은 견해와 관점이 활발하게 등장해서 건전한 담론을 형성할 때, 우리의 교육정책은 발전하고 보다 밝은 교육의 미래가 만들어질 것이라고 믿는다. 본 저서에서 필자가 개인적 성찰과 경험을 바탕으로 교육정책의 이치를 분석하고, 쟁점 및 대안을 제시함은 향후 교육발전을 위한 담론형성에 한 알의 밀알이 될 수 있기를 기대해 본다.\n저자 소개\n저 : 박주호\n현재 한양대학교 교육학과 교수\n미국 조지아대학교 석사 및 박사\n연세대학교 교육학과 및 행정학과 학사\n교육부 지식정보정책과장, 학술진흥과장, 대학지원과장\n제35회 행정고시 합격\n\n저서 및 주요 학술논문\n교육복지의 논의: 쟁점, 과제 및 전망(2014). 박영스토리(2015년 세종도서 학술부문 선정).\nPark, J. H., & Byun, S. (2021). Principal support, professional learning community, and group-level teacher expectations. School Effectiveness and School Improvement, 32(1), 1-23.\nPark, J-H., Cooc, N., Lee, K. H. (2020 Online First). Relationships between teacher influence in managerial and instruction related decision-making, job satisfaction, and professional commitment: A multivariate multilevel model. Educational Management Administration & Leadership.\nKim, D. H., Lee, I. H., & Park, J. H.* (2019). Examining non-formal learners’ self -directed learning patterns in open educational resource repositories: A latent class approach. British Journal of Educational Technology, 50(6), 3420-3436. (*Corresponding author)\nPark, J. H., Lee, I. H., & Cooc, N. (2019). The role of school-level mechanisms: How principal support, professional learning communities, collective responsibility, and group- level teacher expectations affect student achievement. Educational Administration Quarterly, 55(5), 742-780.\nPark, J. H., & Lee, J. L. (2015). School-level determinants of teacher collegial interaction: evidence from lower secondary schools in England, Finland, South Korea, and the USA. Teaching and Teacher Education, 50, 24-35.\n목차\n제1부 교육정책의 개요 11\n제1장 교육정책의 의의 13\n제2장 한국교육정책의 핵심 이념 25\n제3장 정권별 교육정책 추진 내용의 주제 개관 40\n\n제2부 초·중등교육정책 실제 63\n제4장 정권별 초중등교육정책의 내용분석 결과 65\n제5장 사교육비 경감정책의 실제와 쟁점 80\n제6장 국가교육과정제도 및 교육혁신정책의 실제와 쟁점 96\n제7장 고등학교 유형 및 학교선택제정책의 실제와 쟁점 118\n제8장 학업성취도평가 및 기초학력보장 정책 136\n제9장 교사양성 및 임용정책의 실제와 쟁점 153\n\n제3부 고등교육정책 실제 173\n제10장 정권별 고등교육정책의 내용분석 결과 175\n제11장 대학입시정책의 실제와 쟁점 191\n제12장 대학설립 및 학생정원 관리정책의 실제와 쟁점 211\n제13장 정원 감축 기반 대학구조개혁 정책의 실제와 쟁점 222\n제14장 대학 학생등록금 및 국가장학금 정책의 실제와 쟁점 234\n제15장 대학재정지원정책의 실제와 쟁점 248\n제16장 연구중심대학 육성정책의 실제와 쟁점 268\n\n제4부 직업 및 평생교육정책 실제 285\n제17장 산학협력정책의 실제와 쟁점 287\n제18장 고교단계 직업교육정책의 내용분석과 쟁점 302\n제19장 평생교육정책의 내용분석과 쟁점 320\n\n제5부 한국교육정책의 발전 방향 345\n제20장 한국교육정책 형성과정의 당면 과제 347\n제21장 한국교육정책의 미래 의제 358\n\n찾아보기 374\n출판리뷰\n한국교육정책은 우리의 교육실제 상황에서 야기되는 교육문제를 해결하는 정부의 총체적 활동이다. 또한, 한국교육정책은 현재 전개되고 있는 교육 상황을 개선하여서 보다 바람직한 미래 교육 상황을 조성하려는 정부의 대안마련 활동이다. 이렇게 두 개념 맥락에서 추진되어 온 우리나라 교육정책은 세계 그 어디에서도 찾아보기 힘든 높은 교육열(교육에 대한 높은 관심과 기대)이라는 사회풍토를 배경으로 입안되고 추진되어 왔다. 특히 한국교육정책은 역사적이고 사회문화적 현상으로서 우리나라 학부모가 보여주는 교육에 대한 열망과 교육을 통한 지위경쟁 행태를 배경으로 전개되어 왔다.\n지금까지 새로운 정권이 들어올 때마다 혁신적 교육정책이 범람하듯이 등장하고 휩쓸고 지나갔다. 무엇보다도, 정권이 교체될 때마다 교육정책은 유독 그 부침이 심해 왔다. 이는 교육에 대한 국민적 관심과 열망이 정권이 교체될 때 마다 새로운 기대와 요구로 등장했기 때문이다. 앞으로도 새로운 정부가 출범하는 경우, 교육혁신을 위해 개혁적 교육정책을 추진할 것은 자명하다. 구체적으로 정부(교육당국)는 국가 경쟁력 제고와 새로운 시대 패러다임을 학교교육이 선도하고 대응해 가고, 학교교육에서 창의적 인재가 효율적으로 양성되도록 혁신적 교육정책을 추구할 수밖에 없다. 특히 정부가 미래를 선도하는 새로운 교육정책을 입안하고 설계하는 데 있어서 새로운 시대정신에 부응해야 함은 당연하다. 이에 더하여 정부는 역사의식과 사회문화 차원에서 우리의 독특한 교육문화와 학교풍토를 기반으로 전개되어 온 기존 교육정책 맥락을 기반으로 해야 한다. 정부가 혁신적인 교육정책을 입안하고 설계함에 있어서, 우리의 독특한 교육풍토와 그간 정권별로 추진되어 온 기존 교육정책 실제를 결코 무시하지 말아야 한다. 왜냐하면 한국교육정책은 그 자체가 역사이고 사회문화 현상이기 때문이다.\n구체적으로 정부가 교육혁신과 개혁을 표방하고 교육정책을 추진하는 데 있어서, 유의해야 할 점이 있다. 우리의 교육문화와 학교풍토에 전혀 맞지도 아니한데, 특정 국가의 교육제도와 정책사례를 그대로 검토 없이, 우리의 정책으로 채택해서 추진하는 것은 최대한 피해야 한다. 특정 선진국에서 유효하고 탁월하게 성과를 발휘하고 있는 교육제도나 교육정책일지라도, 교육문화나 학교풍토가 전혀 다른 우리나라에서도 그것이 탁월하고 유효한 성과를 내리라는 보장은 결코 장담할 수 없다. 그동안 새 정부가 들어와서 적합성 검토 없이 특정 국가의 교육제도나 교육정책을 그대로 우리나라 교육정책으로 추진하는 경우, 다음 새 정권이 들어 올 때 해당 정책이 전면 폐지되는 사례도 비일비재 해 왔다. 특히 그러한 교육정책은 우리의 학교현장에 정착되지 못했다. 그것은 당연히 실패한 정책이고, 그 정책 실패에 대한 피해는 고스란히 우리의 학생들과 국민들에게 돌아간다는 사실을 주목해야 한다.\n앞으로도 한국교육정책은 끊임없이 변해 갈 수밖에 없다. 한국교육정책은 살아있는 유기체임이 분명하다. 이렇듯 변화하는 한국교육정책 맥락에서 교육학자가 수행해야 할 소임 중 하나는 교육현상과 교육정책의 분석 및 이론 형성을 통해서, 교육정책의 이치(理致)를 세상에 밝히는 일이다. 이러한 견지에서 필자는 약 20년 동안 교육부 관료로서 교육정책 개발 및 집행 경험, 그리고 대학에서 10년간의 교육정책과 행정에 대한 연구 및 교수경험을 바탕으로 본 저서를 집필하였다. 본 저서에서 필자가 분석한 교육정책의 쟁점과 제시한 대안은 단순히 개인적 경험과 학술적 관점에 의해서 제시된 것이다. 따라서 본 저서에 기술된 필자의 주장에 대해 동의하지 못하고 상반된 견해와 대안이 제기되는 것은 당연히 있을 수밖에 없다. 교육정책 실제와 쟁점을 바탕으로 다양하고 폭넓은 견해와 관점이 활발하게 등장해서 건전한 담론을 형성할 때, 우리의 교육정책은 발전하고 보다 밝은 교육의 미래가 만들어질 것이라고 믿는다. 본 저서에서 필자가 개인적 성찰과 경험을 바탕으로 교육정책의 이치를 분석하고, 쟁점 및 대안을 제시함은 향후 교육발전을 위한 담론형성에 한 알의 밀알이 될 수 있기를 기대해 본다.\n본 저서의 내용은 크게 5개 부문으로 구성되어 있다. 우선 제1부에서는 교육정책의 개념적 이해와 한국교육정책이 가장 우선적으로 추구해야 할 이념을 탐색해서 기술하였다. 아울러, 한국교육정책실제 모습에 대한 개괄적 이해를 돕기기 위해서, 노무현, 이명박, 박근혜 및 문재인 정부에서 교육당국(교육부)이 추진할 교육정책의 연도 업무계획 내용을 빅데이터 분석 기법 중 하나인 토픽 모델링을 적용하고, 정권별 핵심적 정책 주제를 분석하고 그 차이점을 제시하였다.\n제2부에서는 우리나라 초중등교육정책 실제를 분석하고, 개별 정책들의 주요내용을 심층적으로 분석해서, 각 정책이 지닌 쟁점과 대안을 제시하였다. 가장 먼저, 우리나라 초중등교육정책의 실제를 거시적으로 파악하는 맥락에서, 교육당국(교육부)이 각 정권에서 발표한 초중등교육정책 보도자료에 대한 토픽 모델링을 실시하고 정권별 정책 주제 분석과 그 차이점을 제시하였다. 심층 분석한 개별 초중등교육정책에는 사교육비 경감정책, 교육과정 혁신에 초점을 둔 자유학기제 정책과 고교학점제 정책, 고등학교 유형과 학교선택제 정책, 학업성취도평가 및 기초학력보장 정책 그리고 교원 양성 및 임용 정책을 포함하였다.\n제3부에서는 우리나라 고등교육정책 실제의 모습과 쟁점을 분석해서 제시하였다. 가장 먼저 고등교육정책 실제를 개괄적으로 파악하는 맥락에서, 교육당국(교육부)이 각 정권에서 발표한 고등교육정책 보도자료에 대한 토픽 모델링을 실시하고 정권별 정책 주제 분석과 그 차이점을 제시하였다. 그 다음에는 각 정권에 거쳐서 고등교육실제에서 이슈가 되어 온, 개별 대학정책들을 각각 분석하고 그 쟁점 및 대안을 제시하였다. 심층 탐색한 개별 대학정책에는 대학입시정책, 대학학생정원정책, 대학구조개혁정책, 학생등록금 및 국가장학금정책, 대학재정지원정책, 그리고 연구중심대학정책을 포함하였다.\n제4부에서는 고교단계 직업교육정책과 산학협력정책, 그리고 평생교육정책을 정권별 주요 쟁점과 내용을 각각 분석해서 제시하였다. 고교단계 직업교육정책과 평생교육정책의 경우에는 각 정권에서 교육당국(교육부)이 발표한 정책 보도자료에 대한 토픽 모델링을 실시하고, 정권별 정책 주제 분석과 그 차이점도 포함해서 제시하였다. 산학협력정책에서는 산혁협력 유형, 산업체 현장실습 제도와 산학협력선도대학 육성 사업의 주요 내용과 쟁점을 분석하였다.\n마지막 제5부에서는 그간 한국교육정책이 추진된 과정을 돌이켜 볼 때, 개선할 당면 과제와 향후 한국교육정책이 우선적으로 추진해야 할 사항으로서 미래 정책의제를 제시하였다. 우선, 한국교육정책 형성과정에서 당면 과제로 1) 정책형성에서 문제분석과 명료화, 2) 정책추진 방식에서 하향식 위주에서 상?하향식으로 전환, 3) 정책성과 목표의 객관화와 명료화, 4) 성과평가 기반의 정책 추진을 제시하였다. 종결부문으로서, 한국교육정책 미래 의제의 경우에는 1) 단위학교의 자율성 제고, 2) 교육혁신 대안으로서 개인화 학습(personalized learning)의 활성화, 3) 교직 전문성 강화를 위한 교사양성 제도 개혁, 4) 국?사립대학 간의 차별화 육성 및 지원, 5) 고등교육 발전 생태계를 감안한 대학구조조정, 6) 국가 및 지역사회 혁신 촉매자로서 대학 역할 강화를 제안하였다.\n본 저서의 내용 형성과 작성에 있어서 결정적 기여와 역할을 한 것은 교육부 정책연구과제인 “2003-2021 교육부 핵심정책 분석을 통한 미래교육 정책 제언” 작업 수행이었다. 정권별 교육정책실제의 내용분석과 주제(topic)제시의 경우에는 모두 동 정책연구 자료분석 결과를 차용해서 기술하였다. 이에 따라서, 본 저서 출간에 즈음하여 그간 물심양면으로 도움을 준, 교육부 황성환 정책기획국장, 최흥윤 기획담당관, 송인발 장학관, 정책연구 책임자인 한양대학교 신서경 교수, 정책연구 작업에서 토픽 모델링을 분석한 중앙대학교 연구교수 조윤성 박사, 그리고 참고문헌 정리와 자료 정리를 수행한 한양대학교 석사과정 장유빈 학생에게 감사의 마음을 전한다. 끝으로 이 책이 나오기까지 많은 도움을 주신 안상준 대표님과 박영스토리 노현 대표님, 김다혜님께 깊은 감사를 드린다.\n\n2022년 1월 1일\n박주호\n배송 안내",
658be2a7786b2d65070b7378,"ADHD 아동은 또래와 어떻게 어울리는가: 최신연구에 기반한 부모, 교사, 상담자를 위한 또래관계와 사회성훈련 지침서",https://cdn.011st.com/11dims/resize/600x600/quality/75/11src/pd/v2/9/0/5/0/9/8/cIKvE/4942905098_B.jpg,,"15,000\n원","도서제목\n상품소개\nADHD 아동에게도 친구가 있을까?\nADHD 아동도 친구들과 잘 어울릴까?\nADHD 아동은 친구들과 자주 다투지 않을까?\n\n쉬이 산만해지고 좀처럼 집중을 하지 못하는 아이들로 인해 한시도 마음을 놓지 못하던 안타까운 사연의 부모들에게 ADHD 증상이 장애의 일종이나 노력에 의해 나아질 수 있다는 Burkley 박사의 희망의 메세지가 전세계에 퍼진 지 근 40년이 다 되어가지만 ADHD 아동의 또래관계에 대해서 자세히 알려진 바는 그다지 많지 않다. 이런 점을 고려하여 ADHD 아동의 또래관계 양상에 대해 궁금증을 갖는 모든 이에게 도움이 되고자 이 책을 출간하게 되었다. 이 책은 부산대학교에 재직하면서부터 준비했던 책이다. 2010년부터 구상을 해서 오랜 기간 해외자료를 수집해가며 최근까지 자료수집과 분석작업을 하고 이제 책을 마무리하게 되어 무척 감개무량하다. 이책은 ADHD 아동의 행복에 중요한 영향을 미칠 수 있는 또래관계를 위한 지침서이다. 따라서 ADHD 아동의 또래관계양상에 대한 전반적인 이해와 심층적인 지식을 통해 지도의 기초적이고 전반적인 내용을 학습할 수 있도록 구성하였다.\n\n우선, ADHD 아동의 또래관계 양상에 대한 전반적인 이해를 돕고자 1부 [ADHD 아동의 또래관계 양상에 대한 이해]에서는 ADHD 아동의 또래관계 양상에 대해 그동안 누적된 수많은 연구결과를 토대로 기본적인 내용을 살펴보았다. 이어서 ADHD 하위유형에 따라 나타나는 또래관계 양상은 어떠한지 세부적으로 살펴보았고 ADHD 동반장애에 따라 보이는 또래관계 양상도 함께 살펴보았다. 2부 [ADHD 아동의 또래관계 문제의 원인]에서는 ADHD 아동이 또래관계에서 어려움을 겪는 원인을 인지적, 정서적 관점에서 살펴보았다. 3부 [ADHD 아동의 또래관계를 위한 상담 및 치료]에서는 ADHD 아동의 또래관계를 위한 약물치료, 행동치료 그리고 혼합치료의 효과와 한계에 대해 살펴보았고 이 같은 치료 방법에 있어 고려해야 할 환경적 요인, 즉 또래요인, 가족요인, 형제요인, 학교및 교사요인에 대해 꼼꼼히 살펴보았다.\n\n이 책은 ADHD 아동을 자녀로 둔 부모에게 자녀의 또래관계를 위해 어떤 지원을 하면 좋을지, 어떤 치료 방법이 우리 아이에게 적절하고 효과적인지 판별하여 선택할 수 있는 선구안을 줄 것이며 임상 및 상담전문가를 희망하는 수련생에게는 ADHD 아동의 또래관계에 대한 심층적 이해를 하고자 공부할 때 참고하기 좋은 교재가 될 것이다. 또한 학교 현장에서 ADHD 아동의 또래관계에 대해 지도해야 하는 교사에게는 지도방법의 지향점을 제시해주는 지시봉의 역할을 할 수 있으리라 기대한다.\n\n이 책을 통해 “ADHD 아동도 흔들리지 않고 성장할 수 있다!”는 희망이 퍼져 나가길 기대해 본다. 끝으로 이 책이 출간될 수 있도록 전폭적인 도움과 지지를 주신 박영스토리의 노현대표님과 꼼꼼하게 교정을 해주신 윤혜경님께 깊은 감사의 마음을 전합니다.\n\n성균관대학교\n이동훈\n목차\nI ADHD 아동의 또래관계 양상에 대한 이해\n1. ADHD 아동의 또래관계 양상 _5\n2. ADHD 하위유형과 또래관계 양상 _20\n3. ADHD의 동반장애와 또래관계 양상 _27\n\nⅡ ADHD 아동의 또래관계 문제의 원인\n1. ADHD 아동의 또래관계에 대한 인지적 설명 _54\n1) 신경심리학적 결핍 _54\n2) 사회정보처리과정에서의 문제 _59\n3) 긍정착각오류 _66\n2. ADHD 아동의 또래관계에 대한 정서적 설명 _80\n1) 정서지각능력의 결핍 _80\n2) 공감능력의 부족 _89\n\nⅢ ADHD 아동의 또래관계를 위한 상담 및 치료\n1. 약물치료 및 행동치료, 혼합치료 _100\n1) 약물치료 _100\n2) 행동치료 _101\n3) 혼합치료 _102\n2. 사회기술훈련 _104\n3. 고려해야 할 환경적 요인 _128\n1) 또래요인 _128\n2) 가족요인 _133\n3) 학교 및 교사 요인 _152\n\n참고문헌 _167\n\n\n\n\n\n\n\n\n배송 안내",
